Workbook

Sheet weights
A1: layer | B1: prin.eigenvector | C1: norm
A2: mean.tas | B2: -0.3979196 | C2: 0.17465097
A3: SD.tas | B3: -0.1728996 | C3: 0.07588739
A4: ES.tas | B4: -0.6169402 | C4: 0.27078135
A5: mean.pr | B5: -0.3250214 | C5: 0.14265521
A6: SD.pr | B6: -0.2554212 | C6: 0.11210698
A7: ES.pr | B7: -0.5101683 | C7: 0.22391811
A9: richness | C9: 0.09068
A10: relative abundance | C10: 0.90932
A12: layer | B12: prin.eigenvector | C12: norm
A13: climate | B13: -0.2448442 | C13: 0.15109571
A14: birds | B14: -0.9028373 | C14: 0.5571495
A15: size | B15: -0.3175589 | C15: 0.19596861
A16: slr | B16: -0.1552175 | C16: 0.09578618
A18: pw to uprotect

Sheet estuary_data
A1: EST_ID | B1: mean.pr | C1: SD.pr | D1: ES0.99.pr | E1: mean.tas | F1: SD.tas | G1: ES0.99.tas | H1: mean.pr.abs | I1: SD.pr.abs | J1: ES0.99.pr.abs | K1: mean.tas.abs | L1: SD.tas.abs | M1: ES0.99.tas.abs | N1: relative.abundance | O1: richness | P1: risk1 | Q1: Area_Ha | R1: mean.pr.abs.norm | S1: SD.pr.abs.norm | T1: ES0.99.pr.abs.norm | U1: mean.tas.abs.norm | V1: SD.tas.abs.norm | W1: ES0.99.tas.abs.norm | X1: relative.abundance.norm | Y1: richness.norm | Z1: risk1.norm | AA1: Area_Ha.norm
A2: 1 | B2: 12.339923 | C2: -7.2039924 | D2: -3.0088099 | E2: 26.564123 | F2: 8.1453764 | G2: 12.683558 | H2: 12.339923 | I2: 7.2039924 | J2: 3.0088099 | K2: 26.564123 | L2: 8.1453764 | M2: 12.683558 | N2: 0.16448572 | O2: 45.070847 | P2: 0 | Q2: 91.553166 | R2: 0.45893808 | S2: 0.29212337 | T2: 0.15405626 | U2: 0.20739514 | V2: 0.39801088 | W2: 0.28978631 | X2: 0.22767974 | Y2: 0.57164578 | Z2: 0 | AA2: 0.0021147564
A3: 2 | B3: 14.675884 | C3: -5.4740313 | D3: -0.94264967 | E3: 27.189767 | F3: 9.2464199 | G3: 13.565362 | H3: 14.675884 | I3: 5.4740313 | J3: 0.94264967 | K3: 27.189767 | L3: 9.2464199 | M3: 13.565362 | N3: 0.25358131 | O3: 55.09095 | P3: 0 | Q3: 122.52264 | R3: 0.54718519 | S3: 0.22180811 | T3: 0.048102423 | U3: 0.2252495 | V3: 0.45216192 | W3: 0.33833068 | X3: 0.35395254 | Y3: 0.7016136 | Z3: 0 | AA3: 0.0028305776
A4: 3 | B4: 15.537479 | C4: 2.6270207 | D4: 5.3607549 | E4: 34.789013 | F4: 11.181107 | G4: 19.262488 | H4: 15.537479 | I4: 2.6270207 | J4: 5.3607549 | K4: 34.789013 | L4: 11.181107 | M4: 19.262488 | N4: 0.10122779 | O4: 38.967194 | P4: 93.995762 | Q4: 97.451312 | R4: 0.57973424 | S4: 0.10608971 | T4: 0.2746653 | U4: 0.4421138 | V4: 0.54731286 | W4: 0.6519643 | X4: 0.13802596 | Y4: 0.49247709 | Z4: 0.080513603 | AA4: 0.0022510847
A5: 4 | B5: 15.4204 | C5: 3.8434654 | D5: 6.2212854 | E5: 34.836784 | F5: 10.141271 | G5: 18.266693 | H5: 15.4204 | I5: 3.8434654 | J5: 6.2212854 | K5: 34.836784 | L5: 10.141271 | M5: 18.266693 | N5: 0.088183157 | O5: 37.855122 | P5: 16.703968 | Q5: 113.93918 | R5: 0.57531125 | S5: 0.15553281 | T5: 0.31879378 | U5: 0.44347707 | V5: 0.49617209 | W5: 0.59714458 | X5: 0.11953815 | Y5: 0.47805273 | Z5: 0.014308056 | AA5: 0.0026321814
A6: 5 | B6: 14.176214 | C6: -6.0666253 | D6: -1.602347 | E6: 26.763632 | F6: 8.5951754 | G6: 12.89974 | H6: 14.176214 | I6: 6.0666253 | J6: 1.602347 | K6: 26.763632 | L6: 8.5951754 | M6: 12.89974 | N6: 0.14488719 | O6: 40.234993 | P6: 0 | Q6: 115.35458 | R6: 0.52830883 | S6: 0.24589443 | T6: 0.081932069 | U6: 0.21308863 | V6: 0.42013269 | W6: 0.30168735 | X6: 0.19990327 | Y6: 0.50892135 | Z6: 0 | AA6: 0.0026648967
A7: 6 | B7: 13.357268 | C7: -7.173734 | D7: -2.7381504 | E7: 26.605239 | F7: 7.6589236 | G7: 12.635556 | H7: 13.357268 | I7: 7.173734 | J7: 2.7381504 | K7: 26.605239 | L7: 7.6589236 | M7: 12.635556 | N7: 0.27217793 | O7: 70.239601 | P7: 0 | Q7: 176.06916 | R7: 0.49737096 | S7: 0.2908935 | T7: 0.14017669 | U7: 0.20856849 | V7: 0.37408637 | W7: 0.28714372 | X7: 0.38030904 | Y7: 0.8981023 | Z7: 0 | AA7: 0.0040682394
A8: 7 | B8: 19.1832 | C8: 1.4486317 | D8: 9.1220792 | E8: 29.107361 | F8: 5.1238738 | G8: 11.41664 | H8: 19.1832 | I8: 1.4486317 | J8: 9.1220792 | K8: 29.107361 | L8: 5.1238738 | M8: 11.41664 | N8: 0.069557965 | O8: 22.783026 | P8: 258.87381 | Q8: 17.807913 | R8: 0.717461 | S8: 0.058193413 | T8: 0.46754809 | U8: 0.27997307 | V8: 0.24940866 | W8: 0.22004093 | X8: 0.093141158 | Y8: 0.28255701 | Z8: 0.22174258 | AA8: 0.00041022581
A9: 8 | B9: 19.204793 | C9: 1.3463312 | D9: 3.5821255 | E9: 29.039026 | F9: 5.2898816 | G9: 11.092015 | H9: 19.204793 | I9: 1.3463312 | J9: 3.5821255 | K9: 29.039026 | L9: 5.2898816 | M9: 11.092015 | N9: 0.074163027 | O9: 25.588654 | P9: 129.4369 | Q9: 48.64952 | R9: 0.71827673 | S9: 0.054035353 | T9: 0.1834562 | U9: 0.27802294 | V9: 0.25757318 | W9: 0.20216992 | X9: 0.09966779 | Y9: 0.31894798 | Z9: 0.11087129 | AA9: 0.0011230915
A10: 9 | B10: 16.753121 | C10: -2.8123976 | D10: 1.5088968 | E10: 30.226824 | F10: 10.006258 | G10: 15.331612 | H10: 16.753121 | I10: 2.8123976 | J10: 1.5088968 | K10: 30.226824 | L10: 10.006258 | M10: 15.331612 | N10: 0.17148851 | O10: 55.609222 | P10: 0 | Q10: 148.57937 | R10: 0.62565834 | S10: 0.11362447 | T10: 0.077139889 | U10: 0.31191984 | V10: 0.48953192 | W10: 0.43556486 | X10: 0.2376046 | Y10: 0.70833596 | Z10: 0 | AA10: 0.0034328467
A11: 10 | B11: 15.357637 | C11: -4.2837842 | D11: 0.064974888 | E11: 27.73599 | F11: 9.0115603 | G11: 13.866429 | H11: 15.357637 | I11: 4.2837842 | J11: 0.064974888 | K11: 27.73599 | L11: 9.0115603 | M11: 13.866429 | N11: 0.13323337 | O11: 38.116631 | P11: 1.1345328 | Q11: 118.31326 | R11: 0.57294021 | S11: 0.17342983 | T11: 0.0030947753 | U11: 0.2408374 | V11: 0.44061116 | W11: 0.35490475 | X11: 0.18338661 | Y11: 0.48144469 | Z11: 0.00097180258 | AA11: 0.002733283
A12: 11 | B12: 12.345041 | C12: -7.0921979 | D12: -2.9128168 | E12: 26.606877 | F12: 8.2573802 | G12: 12.766241 | H12: 12.345041 | I12: 7.0921979 | J12: 2.9128168 | K12: 26.606877 | L12: 8.2573802 | M12: 12.766241 | N12: 0.16163768 | O12: 44.607254 | P12: 0 | Q12: 288.65926 | R12: 0.45913142 | S12: 0.28757942 | T12: 0.14913368 | U12: 0.20861524 | V12: 0.4035194 | W12: 0.2943381 | X12: 0.22364328 | Y12: 0.56563266 | Z12: 0 | AA12: 0.0066706205
A13: 12 | B13: 11.036824 | C13: -6.9312731 | D13: -3.2879928 | E13: 33.032475 | F13: 15.625643 | G13: 21.719809 | H13: 11.036824 | I13: 6.9312731 | J13: 3.2879928 | K13: 33.032475 | L13: 15.625643 | M13: 21.719809 | N13: 0.195241 | O13: 57.849735 | P13: 540.43646 | Q13: 17.887168 | R13: 0.40971007 | S13: 0.28103854 | T13: 0.16837291 | U13: 0.39198641 | V13: 0.76590209 | W13: 0.78724277 | X13: 0.27126838 | Y13: 0.73739699 | Z13: 0.46291967 | AA13: 0.00041205771
... A151: 150 | B151: 19.020738 | C151: -1.7111851 | D151: 3.6150133 | E151: 29.7046 | F151: 8.9184902 | G151: 12.061957 | H151: 19.020738 | I151: 1.7111851 | J151: 3.6150133 | K151: 29.7046 | L151: 8.9184902 | M151: 12.061957 | N151: 0.076713875 | O151: 34.567738 | P151: 209.98678 | Q151: 80.574508 | R151: 0.71132357 | S151: 0.068865051 | T151: 0.1851427 | U151: 0.29701683 | V151: 0.43603382 | W151: 0.25556643 | X151: 0.10328304 | Y151: 0.43541304 | Z151: 0.1798676 | AA151: 0.0018609982
A152: 151 | B152: 18.139428 | C152: 2.5089416 | D152: 12.766021 | E152: 31.812911 | F152: 9.228498 | G152: 17.743024 | H152: 18.139428 | I152: 2.5089416 | J152: 12.766021 | K152: 31.812911 | L152: 9.228498 | M152: 17.743024 | N152: NA | O152: 39 | P152: 591.71156 | Q152: 11.298618 | R152: 0.67802975 | S152: 0.10129032 | T152: 0.65441142 | U152: 0.35718296 | V152: 0.45128049 | W152: 0.56831598 | X152: NA | Y152: 0.49290262 | Z152: 0.50684019 | AA152: 0.00025977149
A153: 152 | B153: 15.146458 | C153: -4.9536854 | D153: -0.21780152 | E153: 30.193314 | F153: 13.249955 | G153: 18.665164 | H153: 15.146458 | I153: 4.9536854 | J153: 0.21780152 | K153: 30.193314 | L153: 13.249955 | M153: 18.665164 | N153: 0.082917541 | O153: 27.676256 | P153: 427.38486 | Q153: 5.2639245 | R153: 0.56496236 | S153: 0.20065835 | T153: 0.010931809 | U153: 0.31096357 | V153: 0.64906202 | W153: 0.61908091 | X153: 0.11207533 | Y153: 0.34602566 | Z153: 0.36608347 | AA153: 0.00012028699
A154: 153 | B154: 15.568751 | C154: -7.1062352 | D154: 0.31219367 | E154: 35.34028 | F154: 6.4155477 | G154: 12.086331 | H154: 15.568751 | I154: 7.1062352 | J154: 0.31219367 | K154: 35.34028 | L154: 6.4155477 | M154: 12.086331 | N154: 0.066851526 | O154: 33.356602 | P154: 128.09222 | Q154: 126.61741 | R154: 0.5809156 | S154: 0.28814998 | T154: 0.015772291 | U154: 0.45784564 | V154: 0.3129352 | W154: 0.25690821 | X154: 0.089305394 | Y154: 0.41970376 | Z154: 0.10971948 | AA154: 0.0029252231
A155: 154 | B155: 15.788913 | C155: -6.7959738 | D155: 0.21373596 | E155: 34.773823 | F155: 6.1318019 | G155: 12.070276 | H155: 15.788913 | I155: 6.7959738 | J155: 0.21373596 | K155: 34.773823 | L155: 6.1318019 | M155: 12.070276 | N155: 0.085957132 | O155: 42.164825 | P155: 192.13834 | Q155: 68.98148 | R155: 0.58923282 | S155: 0.27553922 | T155: 0.010723325 | U155: 0.44168032 | V155: 0.29898014 | W155: 0.25602436 | X155: 0.11638326 | Y155: 0.53395264 | Z155: 0.16457923 | AA155: 0.0015930397
A156: 155 | B156: 15.81902 | C156: -6.3755366 | D156: 0.34084928 | E156: 34.547344 | F156: 6.6351627 | G156: 12.307646 | H156: 15.81902 | I156: 6.3755366 | J156: 0.34084928 | K156: 34.547344 | L156: 6.6351627 | M156: 12.307646 | N156: 0.055785879 | O156: 27.669022 | P156: 346.951 | Q156: 43.577326 | R156: 0.5903702 | S156: 0.25845031 | T156: 0.017241767 | U156: 0.43521716 | V156: 0.32373621 | W156: 0.26909189 | X156: 0.073622348 | Y156: 0.34593183 | Z156: 0.29718654 | AA156: 0.001005854
A157: 156 | B157: 16.218217 | C157: -10.652583 | D157: -1.3936815 | E157: 34.994503 | F157: 7.0127394 | G157: 11.929935 | H157: 16.218217 | I157: 10.652583 | J157: 1.3936815 | K157: 34.994503 | L157: 7.0127394 | M157: 11.929935 | N157: 0.063190214 | O157: 30.198542 | P157: 323.96313 | Q157: 62.177679 | R157: 0.60545091 | S157: 0.43229333 | T157: 0.071231583 | U157: 0.44797799 | V157: 0.34230602 | W157: 0.24829845 | X157: 0.084116314 | Y157: 0.37874149 | Z157: 0.2774959 | AA157: 0.0014357782
A158: 157 | B158: 15.937913 | C158: -5.8956736 | D158: 0.31266334 | E158: 34.001658 | F158: 5.7694841 | G158: 11.754431 | H158: 15.937913 | I158: 5.8956736 | J158: 0.31266334 | K158: 34.001658 | L158: 5.7694841 | M158: 11.754431 | N158: 0.090367481 | O158: 38.741661 | P158: 320.28981 | Q158: 26.859157 | R158: 0.59486168 | S158: 0.238946 | T158: 0.015796376 | U158: 0.41964457 | V158: 0.28116078 | W158: 0.23863672 | X158: 0.12263393 | Y158: 0.48955178 | Z158: 0.27434946 | AA158: 0.00061943416
A159: 158 | B159: 16.175084 | C159: -6.8388454 | D159: -0.8135904 | E159: 33.348549 | F159: 5.2647086 | G159: 12.284767 | H159: 16.175084 | I159: 6.8388454 | J159: 0.8135904 | K159: 33.348549 | L159: 5.2647086 | M159: 12.284767 | N159: 0.082678847 | O159: 36.8218 | P159: 640.57961 | Q159: 6.6142938 | R159: 0.60382143 | S159: 0.27728176 | T159: 0.041484192 | U159: 0.40100641 | V159: 0.25633514 | W159: 0.26783237 | X159: 0.11173703 | Y159: 0.46464983 | Z159: 0.54869892 | AA159: 0.00015149911
A160: 159 | B160: 16.574511 | C160: -9.6893762 | D160: -3.0913955 | E160: 33.036504 | F160: 5.065256 | G160: 11.763311 | H160: 16.574511 | I160: 9.6893762 | J160: 3.0913955 | K160: 33.036504 | L160: 5.065256 | M160: 11.763311 | N160: 0.050230503 | O160: 26.243855 | P160: 435.82165 | Q160: 19.482701 | R160: 0.61891086 | S160: 0.39314324 | T160: 0.15829129 | U160: 0.39210141 | V160: 0.24652574 | W160: 0.2391256 | X160: 0.065748862 | Y160: 0.3274464 | Z160: 0.37331014 | AA160: 0.00044893647
A161: 160 | B161: 16.920555 | C161: -12.136592 | D161: -5.1162583 | E161: 32.660933 | F161: 4.9003286 | G161: 11.441788 | H161: 16.920555 | I161: 12.136592 | J161: 5.1162583 | K161: 32.660933 | L161: 4.9003286 | M161: 11.441788 | N161: 0.055408292 | O161: 29.016684 | P161: 328.43776 | Q161: 25.757041 | R161: 0.6319836 | S161: 0.49261173 | T161: 0.26212738 | U161: 0.38138349 | V161: 0.23841436 | W161: 0.22142534 | X161: 0.073087204 | Y161: 0.36341195 | Z161: 0.28132872 | AA161: 0.00059396011
A162: 161 | B162: 16.963395 | C162: -12.488014 | D162: -5.4118919 | E162: 32.979541 | F162: 5.0720614 | G162: 11.597138 | H162: 16.963395 | I162: 12.488014 | J162: 5.4118919 | K162: 32.979541 | L162: 5.0720614 | M162: 11.597138 | N162: 0.096847057 | O162: 45.114563 | P162: 938.46223 | Q162: 4.8488063 | R162: 0.633602 | S162: 0.50689549 | T162: 0.27728763 | U162: 0.39047581 | V162: 0.24686045 | W162: 0.22997758 | X162: 0.13181726 | Y162: 0.57221281 | Z162: 0.80385513 | AA162: 0.00011069205
A163: 162 | B163: 17.178456 | C163: -13.723445 | D163: -6.4047916 | E163: 33.286599 | F163: 4.9121056 | G163: 11.53911 | H163: 17.178456 | I163: 13.723445 | J163: 6.4047916 | K163: 33.286599 | L163: 4.9121056 | M163: 11.53911 | N163: 0.084864452 | O163: 42.558681 | P163: 985.31327 | Q163: 1.2904588 | R163: 0.6417265 | S163: 0.55711028 | T163: 0.32820408 | U163: 0.3992385 | V163: 0.23899357 | W163: 0.22678304 | X163: 0.11483463 | Y163: 0.53906123 | Z163: 0.84398615 | AA163: 2.8445236e-05
A164: 163 | B164: 17.573845 | C164: -14.663083 | D164: -6.4820584 | E164: 32.076612 | F164: 4.9475156 | G164: 10.810182 | H164: 17.573845 | I164: 14.663083 | J164: 6.4820584 | K164: 32.076612 | L164: 4.9475156 | M164: 10.810182 | N164: 0.026111249 | O164: 16.956099 | P164: 985.31327 | Q164: 18.447143 | R164: 0.65666335 | S164: 0.5953024 | T164: 0.33216636 | U164: 0.36470839 | V164: 0.24073509 | W164: 0.18665469 | X164: 0.031565286 | Y164: 0.20697765 | Z164: 0.84398615 | AA164: 0.00042500084
... A253: 252 | B253: 22.27679 | C253: 8.6238918 | D253: 12.050515 | E253: 37.730621 | F253: 2.4991779 | G253: 8.1742225 | H253: 22.27679 | I253: 8.6238918 | J253: 12.050515 | K253: 37.730621 | L253: 2.4991779 | M253: 8.1742225 | N253: 0.07360895 | O253: 21.956791 | P253: 184.90986 | Q253: 16.709723 | R253: 0.83432957 | S253: 0.34983601 | T253: 0.61771988 | U253: 0.52606026 | V253: 0.12032201 | W253: 0.041541965 | X253: 0.098882511 | Y253: 0.27184016 | Z253: 0.15838756 | AA253: 0.00038484251
A254: 253 | B254: NA | C254: NA | D254: NA | E254: NA | F254: NA | G254: NA | H254: NA | I254: NA | J254: NA | K254: NA | L254: NA | M254: NA | N254: 0.066998221 | O254: 22.582825 | P254: 369.81973 | Q254: 5.3933727 | R254: NA | S254: NA | T254: NA | U254: NA | V254: NA | W254: NA | X254: 0.089513301 | Y254: 0.27996026 | Z254: 0.31677512 | AA254: 0.00012327903
A255: 254 | B255: 21.777638 | C255: 7.5027753 | D255: 11.059172 | E255: 39.287275 | F255: 3.0534692 | G255: 8.8272351 | H255: 21.777638 | I255: 7.5027753 | J255: 11.059172 | K255: 39.287275 | L255: 3.0534692 | M255: 8.8272351 | N255: 0.076485507 | O255: 21.999382 | P255: 41.912902 | Q255: 158.31346 | R255: 0.81547278 | S255: 0.30426758 | T255: 0.56688328 | U255: 0.57048344 | V255: 0.14758293 | W255: 0.07749109 | X255: 0.10295938 | Y255: 0.2723926 | Z255: 0.03590118 | AA255: 0.0036578382
A256: 255 | B256: 21.729573 | C256: 6.9187588 | D256: 10.592925 | E256: 46.37412 | F256: 3.6441584 | G256: 10.510344 | H256: 21.729573 | I256: 6.9187588 | J256: 10.592925 | K256: 46.37412 | L256: 3.6441584 | M256: 10.510344 | N256: 0.059681132 | O256: 18.540543 | P256: 251.47741 | Q256: 8.3155129 | R256: 0.813657 | S256: 0.28052989 | T256: 0.54297388 | U256: 0.77272503 | V256: 0.17663395 | W256: 0.17014823 | X256: 0.079142986 | Y256: 0.22752901 | Z256: 0.21540708 | AA256: 0.0001908207
A257: 256 | B257: 21.697703 | C257: 6.7788755 | D257: 10.455633 | E257: 40.025009 | F257: 3.8704699 | G257: 10.166051 | H257: 21.697703 | I257: 6.7788755 | J257: 10.455633 | K257: 40.025009 | L257: 3.8704699 | M257: 10.166051 | N257: 0.11062743 | O257: 34.175461 | P257: 10.085993 | Q257: 575.11603 | R257: 0.81245302 | S257: 0.27484425 | T257: 0.53593348 | U257: 0.5915366 | V257: 0.1877643 | W257: 0.15119454 | X257: 0.15134781 | Y257: 0.43032494 | Z257: 0.0086393214 | AA257: 0.013291716
A258: 257 | B258: 21.392314 | C258: 8.0892365 | D258: 11.399672 | E258: 44.590125 | F258: 3.3636657 | G258: 9.566497 | H258: 21.392314 | I258: 8.0892365 | J258: 11.399672 | K258: 44.590125 | L258: 3.3636657 | M258: 9.566497 | N258: 0.085336462 | O258: 23.67334 | P258: 251.47741 | Q258: 21.047674 | R258: 0.80091614 | S258: 0.32810463 | T258: 0.58434432 | U258: 0.7218141 | V258: 0.16283888 | W258: 0.11818835 | X258: 0.1155036 | Y258: 0.29410501 | Z258: 0.21540708 | AA258: 0.00048510889
A259: 258 | B259: 21.367986 | C259: 7.9450249 | D259: 11.28142 | E259: 38.007288 | F259: 3.1782992 | G259: 8.7774016 | H259: 21.367986 | I259: 7.9450249 | J259: 11.28142 | K259: 38.007288 | L259: 3.1782992 | M259: 8.7774016 | N259: 0.085336462 | O259: 24.514526 | P259: 41.912902 | Q259: 139.9752 | R259: 0.79999709 | S259: 0.32224307 | T259: 0.57828026 | U259: 0.53395566 | V259: 0.15372226 | W259: 0.074747695 | X259: 0.1155036 | Y259: 0.3050158 | Z259: 0.03590118 | AA259: 0.0032339718
A260: 259 | B260: 22.804405 | C260: 2.8357581 | D260: 7.9908492 | E260: 37.356227 | F260: 3.6941647 | G260: 10.246546 | H260: 22.804405 | I260: 2.8357581 | J260: 7.9908492 | K260: 37.356227 | L260: 3.6941647 | M260: 10.246546 | N260: 0.061290737 | O260: 19.313704 | P260: 462.27466 | Q260: 20.680079 | R260: 0.85426163 | S260: 0.11457397 | T260: 0.40953799 | U260: 0.51537596 | V260: 0.17909333 | W260: 0.15562585 | X260: 0.081424236 | Y260: 0.23755745 | Z260: 0.3959689 | AA260: 0.00047661238
A261: 260 | B261: 22.664254 | C261: 2.8373085 | D261: 7.9727057 | E261: 39.846279 | F261: 3.7951952 | G261: 10.175942 | H261: 22.664254 | I261: 2.8373085 | J261: 7.9727057 | K261: 39.846279 | L261: 3.7951952 | M261: 10.175942 | N261: 0.069271766 | O261: 20.590017 | P261: 170.11707 | Q261: 36.858633 | R261: 0.84896704 | S261: 0.11463698 | T261: 0.40860758 | U261: 0.58643607 | V261: 0.18406217 | W261: 0.15173903 | X261: 0.092735536 | Y261: 0.25411214 | Z261: 0.14571655 | AA261: 0.0008505597
A262: 261 | B262: 22.666679 | C262: 2.8146883 | D262: 7.9278276 | E262: 37.914894 | F262: 3.4530292 | G262: 9.6270856 | H262: 22.666679 | I262: 2.8146883 | J262: 7.9278276 | K262: 37.914894 | L262: 3.4530292 | M262: 9.6270856 | N262: 0.073546283 | O262: 25.224392 | P262: 340.23415 | Q262: 15.518493 | R262: 0.84905866 | S262: 0.11371757 | T262: 0.40630621 | U262: 0.53131897 | V262: 0.16723391 | W262: 0.12152382 | X262: 0.098793695 | Y262: 0.31422325 | Z262: 0.29143311 | AA262: 0.00035730869
A263: 262 | B263: 22.541613 | C263: 3.3795119 | D263: 8.25778 | E263: 37.933704 | F263: 3.0526253 | G263: 9.1724505 | H263: 22.541613 | I263: 3.3795119 | J263: 8.25778 | K263: 37.933704 | L263: 3.0526253 | M263: 9.1724505 | N263: 0.069982223 | O263: 22.504364 | P263: 340.23415 | Q263: 7.1097999 | R263: 0.84433396 | S263: 0.13667515 | T263: 0.42322635 | U263: 0.53185578 | V263: 0.14754142 | W263: 0.096495615 | X263: 0.093742448 | Y263: 0.27894257 | Z263: 0.29143311 | AA263: 0.00016295213
A264: 263 | B264: 23.040584 | C264: 1.7141473 | D264: 7.1915075 | E264: 37.811524 | F264: 3.976334 | G264: 10.007097 | H264: 23.040584 | I264: 1.7141473 | J264: 7.1915075 | K264: 37.811524 | L264: 3.976334 | M264: 10.007097 | N264: 0.05719221 | O264: 26.892544 | P264: 340.23415 | Q264: 2.8112217 | R264: 0.86318391 | S264: 0.068985448 | T264: 0.36854731 | U264: 0.52836904 | V264: 0.19297086 | W264: 0.14244388 | X264: 0.075615503 | Y264: 0.33586036 | Z264: 0.29143311 | AA264: 6.3595795e-05
A265: 264 | B265: 22.896605 | C265: 0.46508591 | D265: 6.3065671 | E265: 38.600379 | F265: 4.5817951 | G265: 11.619257 | H265: 22.896605 | I265: 0.46508591 | J265: 6.3065671 | K265: 38.600379 | L265: 4.5817951 | M265: 11.619257 | N265: 0.038209975 | O265: 15.989592 | P265: 458.57646 | Q265: 19.502571 | R265: 0.85774473 | S265: 0.018216628 | T265: 0.32316707 | U265: 0.55088107 | V265: 0.22274838 | W265: 0.23119525 | X265: 0.048712488 | Y265: 0.19444137 | Z265: 0.39280115 | AA265: 0.00044939575
A266: 265 | B266: 23.470718 | C266: -1.1285431 | D266: 5.1432185 | E266: 37.294007 | F266: 4.8996591 | G266: 11.237807 | H266: 23.470718 | I266: 1.1285431 | J266: 5.1432185 | K266: 37.294007 | L266: 4.8996591 | M266: 11.237807 | N266: 0.057034697 | O266: 28.183277 | P266: 340.23415 | Q266: 17.647438 | R266: 0.87943336 | S266: 0.045183229 | T266: 0.26350992 | U266: 0.51360034 | V266: 0.23838143 | W266: 0.21019598 | X266: 0.075392264 | Y266: 0.35260208 | Z266: 0.29143311 | AA266: 0.00040651662
... A367: 366 | B367: 17.140497 | C367: 1.1976621 | D367: 4.6908654 | E367: 36.246279 | F367: 12.725901 | G367: 22.129735 | H367: 17.140497 | I367: 1.1976621 | J367: 4.6908654 | K367: 36.246279 | L367: 12.725901 | M367: 22.129735 | N367: 0.062728927 | O367: 37.245747 | P367: 29.585578 | Q367: 130.80749 | R367: 0.64029249 | S367: 0.047992611 | T367: 0.240313 | U367: 0.48370068 | V367: 0.62328822 | W367: 0.80980969 | X367: 0.083462545 | Y367: 0.47014871 | Z367: 0.025342009 | AA367: 0.0030220717
A368: 367 | B368: NA | C368: NA | D368: NA | E368: NA | F368: NA | G368: NA | H368: NA | I368: NA | J368: NA | K368: NA | L368: NA | M368: NA | N368: 0.080067791 | O368: 29.707592 | P368: 103.54952 | Q368: 1.3007677 | R368: NA | S368: NA | T368: NA | U368: NA | V368: NA | W368: NA | X368: 0.10803645 | Y368: 0.37237352 | Z368: 0.088697033 | AA368: 2.8683514e-05
A369: 368 | B369: 17.742859 | C369: 1.7144468 | D369: 4.9713042 | E369: 34.334997 | F369: 4.8371971 | G369: 13.040486 | H369: 17.742859 | I369: 1.7144468 | J369: 4.9713042 | K369: 34.334997 | L369: 4.8371971 | M369: 13.040486 | N369: 0.070763923 | O369: 27.049038 | P369: 0 | Q369: 60.06904 | R369: 0.66304829 | S369: 0.068997623 | T369: 0.25469405 | U369: 0.42915727 | V369: 0.23530945 | W369: 0.30943563 | X369: 0.09485033 | Y369: 0.3378902 | Z369: 0 | AA369: 0.0013870396
A370: 369 | B370: 15.883261 | C370: 3.8088622 | D370: 6.2215459 | E370: 34.830369 | F370: 10.750814 | G370: 19.374073 | H370: 15.883261 | I370: 3.8088622 | J370: 6.2215459 | K370: 34.830369 | L370: 10.750814 | M370: 19.374073 | N370: 0.10017906 | O370: 48.658943 | P370: 51.774762 | Q370: 19.716312 | R370: 0.59279706 | S370: 0.15412634 | T370: 0.31880714 | U370: 0.44329401 | V370: 0.52615035 | W370: 0.6581072 | X370: 0.13653962 | Y370: 0.61818593 | Z370: 0.044348517 | AA370: 0.00045433611
A371: 370 | B371: 17.511134 | C371: 1.155402 | D371: 4.5855058 | E371: 36.191698 | F371: 5.9149066 | G371: 14.402368 | H371: 17.511134 | I371: 1.155402 | J371: 4.5855058 | K371: 36.191698 | L371: 5.9149066 | M371: 14.402368 | N371: 0.050316017 | O371: 18.428215 | P371: 0 | Q371: 5.3940448 | R371: 0.65429428 | S371: 0.046274922 | T371: 0.2349101 | U371: 0.48214309 | V371: 0.28831289 | W371: 0.38440887 | X371: 0.065870058 | Y371: 0.22607204 | Z371: 0 | AA371: 0.00012329457
A372: 371 | B372: 17.268781 | C372: 1.1144984 | D372: 4.4978195 | E372: 34.703504 | F372: 6.4797296 | G372: 14.399528 | H372: 17.268781 | I372: 1.1144984 | J372: 4.4978195 | K372: 34.703504 | L372: 6.4797296 | M372: 14.399528 | N372: 0.061011121 | O372: 18.752798 | P372: 0 | Q372: 6.5658216 | R372: 0.64513875 | S372: 0.044612373 | T372: 0.2304135 | U372: 0.43967358 | V372: 0.31609177 | W372: 0.38425248 | X372: 0.081027944 | Y372: 0.23028211 | Z372: 0 | AA372: 0.00015037874
A373: 372 | B373: 16.721432 | C373: 2.5056747 | D373: 5.3566749 | E373: 37.471603 | F373: 7.8454547 | G373: 16.577983 | H373: 16.721432 | I373: 2.5056747 | J373: 5.3566749 | K373: 37.471603 | L373: 7.8454547 | M373: 16.577983 | N373: 0.066544123 | O373: 21.148796 | P373: 0 | Q373: 3.1801828 | R373: 0.62446118 | S373: 0.10115754 | T373: 0.27445607 | U373: 0.5186685 | V373: 0.38326026 | W373: 0.50417904 | X373: 0.08886972 | Y373: 0.2613599 | Z373: 0 | AA373: 7.2123876e-05
A374: 373 | B374: 16.673553 | C374: 2.4471044 | D374: 5.3113493 | E374: 36.029345 | F374: 7.7389392 | G374: 16.00643 | H374: 16.673553 | I374: 2.4471044 | J374: 5.3113493 | K374: 36.029345 | L374: 7.7389392 | M374: 16.00643 | N374: 0.07691884 | O374: 26.794302 | P374: 0 | Q374: 62.429753 | R374: 0.62265241 | S374: 0.098776915 | T374: 0.27213175 | U374: 0.4775099 | V374: 0.37802166 | W374: 0.47271436 | X374: 0.10357353 | Y374: 0.3345861 | Z374: 0 | AA374: 0.0014416046
A375: 374 | B375: 17.395498 | C375: 1.7783115 | D375: 4.9212197 | E375: 34.532587 | F375: 5.8443427 | G375: 13.793092 | H375: 17.395498 | I375: 1.7783115 | J375: 4.9212197 | K375: 34.532587 | L375: 5.8443427 | M375: 13.793092 | N375: 0.085628532 | O375: 26.775425 | P375: 0 | Q375: 228.13299 | R375: 0.64992583 | S375: 0.07159344 | T375: 0.25212569 | U375: 0.43479602 | V375: 0.28484245 | W375: 0.35086748 | X375: 0.11591754 | Y375: 0.33434125 | Z375: 0 | AA375: 0.0052716305
A376: 375 | B376: 17.373677 | C376: 0.42401631 | D376: 4.0209403 | E376: 34.72895 | F376: 5.4989292 | G376: 13.559441 | H376: 17.373677 | I376: 0.42401631 | J376: 4.0209403 | K376: 34.72895 | L376: 5.4989292 | M376: 13.559441 | N376: 0.054907624 | O376: 21.878975 | P376: 0 | Q376: 4.9139249 | R376: 0.64910146 | S376: 0.016547331 | T376: 0.20595887 | U376: 0.44039976 | V376: 0.26785447 | W376: 0.33800469 | X376: 0.072377621 | Y376: 0.27083083 | Z376: 0 | AA376: 0.00011219719
A377: 376 | B377: 17.486665 | C377: 0.71336692 | D377: 4.2201408 | E377: 35.771119 | F377: 6.7361963 | G377: 14.011283 | H377: 17.486665 | I377: 0.71336692 | J377: 4.2201408 | K377: 35.771119 | L377: 6.7361963 | M377: 14.011283 | N377: 0.075720847 | O377: 24.001242 | P377: 0 | Q377: 57.966874 | R377: 0.65336988 | S377: 0.028308153 | T377: 0.21617398 | U377: 0.47014077 | V377: 0.3287052 | W377: 0.36287916 | X377: 0.10187565 | Y377: 0.29835813 | Z377: 0 | AA377: 0.0013384507
A378: 377 | B378: 17.057851 | C378: 2.8208049 | D378: 5.7579806 | E378: 37.154255 | F378: 7.6599798 | G378: 15.582789 | H378: 17.057851 | I378: 2.8208049 | J378: 5.7579806 | K378: 37.154255 | L378: 7.6599798 | M378: 15.582789 | N378: 0.06388063 | O378: 21.696606 | P378: 0 | Q378: 29.257785 | R378: 0.63717031 | S378: 0.11396619 | T378: 0.29503526 | U378: 0.50961216 | V378: 0.37413832 | W378: 0.44939244 | X378: 0.085094823 | Y378: 0.26846538 | Z378: 0 | AA378: 0.00067487547
A379: 378 | B379: 16.792336 | C379: 3.8421644 | D379: 6.3886914 | E379: 35.265715 | F379: 8.1951731 | G379: 16.519788 | H379: 16.792336 | I379: 3.8421644 | J379: 6.3886914 | K379: 35.265715 | L379: 8.1951731 | M379: 16.519788 | N379: 0.031404223 | O379: 14.571683 | P379: 0 | Q379: 5.7785069 | R379: 0.62713978 | S379: 0.15547993 | T379: 0.32737845 | U379: 0.45571774 | V379: 0.40045996 | W379: 0.50097534 | X379: 0.039066877 | Y379: 0.1760501 | Z379: 0 | AA379: 0.00013218093
A380: 379 | B380: 16.953543 | C380: 3.6203074 | D380: 6.3417924 | E380: 35.432569 | F380: 8.0279799 | G380: 16.005355 | H380: 16.953543 | I380: 3.6203074 | J380: 6.3417924 | K380: 35.432569 | L380: 8.0279799 | M380: 16.005355 | N380: 0.053505924 | O380: 20.746407 | P380: 0 | Q380: 4.2927121 | R380: 0.63322981 | S380: 0.14646243 | T380: 0.32497344 | U380: 0.46047937 | V380: 0.39223714 | W380: 0.47265518 | X380: 0.070391029 | Y380: 0.25614062 | Z380: 0 | AA380: 9.7838618e-05
... A386: 385 | B386: 18.738405 | C386: 0.098812499 | D386: 4.2650402 | E386: 35.699024 | F386: 9.8098275 | G386: 16.024123 | H386: 18.738405 | I386: 0.098812499 | J386: 4.2650402 | K386: 35.699024 | L386: 9.8098275 | M386: 16.024123 | N386: 0.067378692 | O386: 23.359707 | P386: 0 | Q386: 4.9591714 | R386: 0.70065771 | S386: 0.0033292335 | T386: 0.21847645 | U386: 0.46808334 | V386: 0.47987119 | W386: 0.47368841 | X386: 0.090052533 | Y386: 0.29003697 | Z386: 0 | AA386: 0.000113243
A387: 386 | B387: NA | C387: NA | D387: NA | E387: NA | F387: NA | G387: NA | H387: NA | I387: NA | J387: NA | K387: NA | L387: NA | M387: NA | N387: 0.078609079 | O387: 26.868057 | P387: 0 | Q387: 1.3628185 | R387: NA | S387: NA | T387: NA | U387: NA | V387: NA | W387: NA | X387: 0.10596906 | Y387: 0.33554275 | Z387: 0 | AA387: 3.0117742e-05
A388: 387 | B388: 16.550471 | C388: -1.9419504 | D388: 1.9229706 | E388: 32.518656 | F388: 8.0507263 | G388: 13.928213 | H388: 16.550471 | I388: 1.9419504 | J388: 1.9229706 | K388: 32.518656 | L388: 8.0507263 | M388: 13.928213 | N388: 0.075047493 | O388: 22.168564 | P388: 0 | Q388: 33.287884 | R388: 0.61800267 | S388: 0.07824464 | T388: 0.098373824 | U388: 0.37732324 | V388: 0.39335584 | W388: 0.35830605 | X388: 0.10092132 | Y388: 0.27458701 | Z388: 0 | AA388: 0.00076802625
A389: 388 | B389: 16.820179 | C389: -1.8985508 | D389: 2.0199295 | E389: 32.480462 | F389: 7.9852995 | G389: 13.929068 | H389: 16.820179 | I389: 1.8985508 | J389: 2.0199295 | K389: 32.480462 | L389: 7.9852995 | M389: 13.929068 | N389: 0.082217716 | O389: 30.50185 | P389: 0 | Q389: 2.6128077 | R389: 0.6281916 | S389: 0.076480638 | T389: 0.10334593 | U389: 0.37623328 | V389: 0.39013804 | W389: 0.35835313 | X389: 0.11108349 | Y389: 0.38267561 | Z389: 0 | AA389: 5.9009702e-05
A390: 389 | B390: 16.275875 | C390: -2.4664681 | D390: 1.3725723 | E390: 33.438221 | F390: 8.1574933 | G390: 13.77546 | H390: 16.275875 | I390: 2.4664681 | J390: 1.3725723 | K390: 33.438221 | L390: 8.1574933 | M390: 13.77546 | N390: 0.097948499 | O390: 38.770454 | P390: 0 | Q390: 143.81573 | R390: 0.6076291 | S390: 0.099563965 | T390: 0.070149095 | U390: 0.40356544 | V390: 0.39860681 | W390: 0.34989679 | X390: 0.1333783 | Y390: 0.48992525 | Z390: 0 | AA390: 0.0033227411
A391: 390 | B391: 16.11279 | C391: -2.284943 | D391: 1.4340847 | E391: 32.808896 | F391: 7.9615032 | G391: 13.646848 | H391: 16.11279 | I391: 2.284943 | J391: 1.4340847 | K391: 32.808896 | L391: 7.9615032 | M391: 13.646848 | N391: 0.11204541 | O391: 36.588356 | P391: 0 | Q391: 980.35127 | R391: 0.60146811 | S391: 0.092185769 | T391: 0.073303481 | U391: 0.38560599 | V391: 0.38896771 | W391: 0.34281658 | X391: 0.15335749 | Y391: 0.46162189 | Z391: 0 | AA391: 0.022658228
A392: 391 | B392: 13.101905 | C392: -6.8345433 | D392: -1.6722062 | E392: 30.1363 | F392: 11.061252 | G392: 17.343801 | H392: 13.101905 | I392: 6.8345433 | J392: 1.6722062 | K392: 30.1363 | L392: 11.061252 | M392: 17.343801 | N392: 0.5507282 | O392: 78.095589 | P392: 1.1818369 | Q392: 21696.326 | R392: 0.48772398 | S392: 0.2771069 | T392: 0.085514483 | U392: 0.3093365 | V392: 0.5414182 | W392: 0.54633829 | X392: 0.7750909 | Y392: 1 | Z392: 0.0010123217 | AA392: 0.50148243
A393: 392 | B393: 18.484957 | C393: 1.6348209 | D393: 5.4995592 | E393: 38.192975 | F393: 9.6611034 | G393: 16.413239 | H393: 18.484957 | I393: 1.6348209 | J393: 5.4995592 | K393: 38.192975 | L393: 9.6611034 | M393: 16.413239 | N393: 0.09402588 | O393: 26.232183 | P393: 0 | Q393: 258.17112 | R393: 0.69108303 | S393: 0.065761181 | T393: 0.28178326 | U393: 0.53925473 | V393: 0.4725567 | W393: 0.49510969 | X393: 0.12781888 | Y393: 0.32729502 | Z393: 0 | AA393: 0.0059659247
A394: 393 | B394: 19.486744 | C394: -0.52233731 | D394: 3.9838856 | E394: 34.43068 | F394: 9.2188993 | G394: 15.54313 | H394: 19.486744 | I394: 0.52233731 | J394: 3.9838856 | K394: 34.43068 | L394: 9.2188993 | M394: 15.54313 | N394: 0.073130794 | O394: 23.758493 | P394: 0 | Q394: 45.576301 | R394: 0.72892817 | S394: 0.020543644 | T394: 0.20405868 | U394: 0.43188784 | V394: 0.45080841 | W394: 0.44720919 | X394: 0.098204833 | Y394: 0.29520952 | Z394: 0 | AA394: 0.0010520578
A395: 394 | B395: 19.761657 | C395: -1.2179854 | D395: 3.6123513 | E395: 35.764091 | F395: 9.2857977 | G395: 15.640767 | H395: 19.761657 | I395: 1.2179854 | J395: 3.6123513 | K395: 35.764091 | L395: 9.2857977 | M395: 15.640767 | N395: 0.073514059 | O395: 22.867886 | P395: 0 | Q395: 111.02284 | R395: 0.73931375 | S395: 0.048818663 | T395: 0.1850062 | U395: 0.4699402 | V395: 0.45409858 | W395: 0.4525842 | X395: 0.098748025 | Y395: 0.2836577 | Z395: 0 | AA395: 0.0025647739
A396: 395 | B396: 20.437718 | C396: -0.67393983 | D396: 4.2346278 | E396: 36.465699 | F396: 10.848022 | G396: 17.045049 | H396: 20.437718 | I396: 0.67393983 | J396: 4.2346278 | K396: 36.465699 | L396: 10.848022 | M396: 17.045049 | N396: 0.083823584 | O396: 28.637602 | P396: 0 | Q396: 12.814255 | R396: 0.76485374 | S396: 0.026705616 | T396: 0.21691688 | U396: 0.48996242 | V396: 0.53093122 | W396: 0.52989163 | X396: 0.11335944 | Y396: 0.358495 | Z396: 0 | AA396: 0.00029480358
A397: 396 | B397: 21.818026 | C397: -2.0864485 | D397: 3.540598 | E397: 33.904879 | F397: 10.578735 | G397: 16.233938 | H397: 21.818026 | I397: 2.0864485 | J397: 3.540598 | K397: 33.904879 | L397: 10.578735 | M397: 16.233938 | N397: 0.089547902 | O397: 26.970186 | P397: 0 | Q397: 123.30888 | R397: 0.81699853 | S397: 0.084117846 | T397: 0.18132665 | U397: 0.41688273 | V397: 0.51768725 | W397: 0.48523895 | X397: 0.12147236 | Y397: 0.33686744 | Z397: 0 | AA397: 0.0028487505
A398: 397 | B398: 22.096186 | C398: -3.455508 | D398: 2.7584692 | E398: 33.633727 | F398: 10.662763 | G398: 16.207687 | H398: 22.096186 | I398: 3.455508 | J398: 2.7584692 | K398: 33.633727 | L398: 10.662763 | M398: 16.207687 | N398: 0.072157666 | O398: 19.559805 | P398: 0 | Q398: 20.793274 | R398: 0.82750677 | S398: 0.13976406 | T398: 0.14121865 | U398: 0.40914471 | V398: 0.52181989 | W398: 0.48379381 | X398: 0.096825645 | Y398: 0.24074956 | Z398: 0 | AA398: 0.00047922874
A399: 398 | B399: 21.147033 | C399: -3.8751773 | D399: 2.0869514 | E399: 32.168625 | F399: 10.057073 | G399: 15.642265 | H399: 21.147033 | I399: 3.8751773 | J399: 2.0869514 | K399: 32.168625 | L399: 10.057073 | M399: 15.642265 | N399: 0.059616826 | O399: 19.223904 | P399: 0 | Q399: 3.649891 | R399: 0.79164998 | S399: 0.15682176 | T399: 0.10678285 | U399: 0.36733419 | V399: 0.49203108 | W399: 0.45266667 | X399: 0.079051847 | Y399: 0.23639269 | Z399: 0 | AA399: 8.2980602e-05
... A419: 418 | B419: 15.332534 | C419: -6.3424282 | D419: -0.83582066 | E419: 29.032253 | F419: 9.3441731 | G419: 15.385834 | H419: 15.332534 | I419: 6.3424282 | J419: 0.83582066 | K419: 29.032253 | L419: 9.3441731 | M419: 15.385834 | N419: 0.070355356 | O419: 18.950388 | P419: 349.8002 | Q419: 0.51006518 | R419: 0.57199187 | S419: 0.2571046 | T419: 0.042624172 | U419: 0.27782965 | V419: 0.45696957 | W419: 0.4385498 | X419: 0.094271279 | Y419: 0.23284499 | Z419: 0.29962707 | AA419: 1.0407401e-05
A420: 419 | B420: NA | C420: NA | D420: NA | E420: NA | F420: NA | G420: NA | H420: NA | I420: NA | J420: NA | K420: NA | L420: NA | M420: NA | N420: 0.071761958 | O420: 19.904921 | P420: 349.8002 | Q420: 0.5072988 | R420: NA | S420: NA | T420: NA | U420: NA | V420: NA | W420: NA | X420: 0.096264819 | Y420: 0.24522596 | Z420: 0.29962707 | AA420: 1.034346e-05
A421: 420 | B421: 15.085671 | C421: -6.5842185 | D421: -1.1926584 | E421: 29.18429 | F421: 8.7707351 | G421: 15.244908 | H421: 15.085671 | I421: 6.5842185 | J421: 1.1926584 | K421: 29.18429 | L421: 8.7707351 | M421: 15.244908 | N421: 0.068140216 | O421: 18.293983 | P421: 349.8002 | Q421: 7.1458081 | R421: 0.56266596 | S421: 0.26693231 | T421: 0.060923009 | U421: 0.28216842 | V421: 0.42876699 | W421: 0.43079169 | X421: 0.09113182 | Y421: 0.22433096 | Z421: 0.29962707 | AA421: 0.00016378441
A422: 421 | B422: 15.00189 | C422: -7.1601679 | D422: -1.8316892 | E422: 30.404006 | F422: 8.656666 | G422: 15.274736 | H422: 15.00189 | I422: 7.1601679 | J422: 1.8316892 | K422: 30.404006 | L422: 8.656666 | M422: 15.274736 | N422: 0.059831977 | O422: 14.318717 | P422: 349.8002 | Q422: 0.39204976 | R422: 0.55950092 | S422: 0.2903421 | T422: 0.093692861 | U422: 0.3169762 | V422: 0.4231569 | W422: 0.43243374 | X422: 0.079356775 | Y422: 0.17276895 | Z422: 0.29962707 | AA422: 7.6796201e-06
A423: 422 | B423: NA | C423: NA | D423: NA | E423: NA | F423: NA | G423: NA | H423: NA | I423: NA | J423: NA | K423: NA | L423: NA | M423: NA | N423: 0.083918475 | O423: 26.034998 | P423: 346.57066 | Q423: 2.3802072 | R423: NA | S423: NA | T423: NA | U423: NA | V423: NA | W423: NA | X423: 0.11349393 | Y423: 0.32473739 | Z423: 0.29686075 | AA423: 5.3633427e-05
A424: 423 | B424: 15.122326 | C424: -3.7466484 | D424: 1.0118942 | E424: 29.080252 | F424: 9.4623994 | G424: 16.028658 | H424: 15.122326 | I424: 3.7466484 | J424: 1.0118942 | K424: 29.080252 | L424: 9.4623994 | M424: 16.028658 | N424: 0.063602053 | O424: 20.216684 | P424: 173.28533 | Q424: 28.597929 | R424: 0.56405072 | S424: 0.15159763 | T424: 0.051653323 | U424: 0.27919944 | V424: 0.46278413 | W424: 0.47393809 | X424: 0.084700003 | Y424: 0.24926975 | Z424: 0.14843037 | AA424: 0.00065962373
A425: 424 | B425: NA | C425: NA | D425: NA | E425: NA | F425: NA | G425: NA | H425: NA | I425: NA | J425: NA | K425: NA | L425: NA | M425: NA | N425: 0.062980585 | O425: 18.907372 | P425: 346.57066 | Q425: 0.64049229 | R425: NA | S425: NA | T425: NA | U425: NA | V425: NA | W425: NA | X425: 0.083819213 | Y425: 0.23228704 | Z425: 0.29686075 | AA425: 1.3422063e-05
A426: 425 | B426: 15.117047 | C426: -3.7470093 | D426: 0.91899595 | E426: 29.761932 | F426: 8.6737743 | G426: 15.655374 | H426: 15.117047 | I426: 3.7470093 | J426: 0.91899595 | K426: 29.761932 | L426: 8.6737743 | M426: 15.655374 | N426: 0.069245167 | O426: 24.625326 | P426: 223.95144 | Q426: 13.516091 | R426: 0.56385129 | S426: 0.1516123 | T426: 0.046889447 | U426: 0.29865295 | V426: 0.42399831 | W426: 0.45338834 | X426: 0.092697838 | Y426: 0.30645295 | Z426: 0.19182926 | AA426: 0.00031102564
A427: 426 | B427: 17.21884 | C427: -2.6278709 | D427: 2.5921974 | E427: 30.383007 | F427: 8.8520084 | G427: 14.692832 | H427: 17.21884 | I427: 2.6278709 | J427: 2.5921974 | K427: 30.383007 | L427: 8.8520084 | M427: 14.692832 | N427: 0.066639975 | O427: 14.169688 | P427: 84.314425 | Q427: 2.2404939 | R427: 0.64325211 | S427: 0.10612427 | T427: 0.13269214 | U427: 0.31637694 | V427: 0.43276414 | W427: 0.40039921 | X427: 0.089005569 | Y427: 0.17083594 | Z427: 0.072220896 | AA427: 5.0404127e-05
A428: 427 | B428: 16.846267 | C428: -2.8076009 | D428: 2.3461813 | E428: 31.123118 | F428: 8.6405618 | G428: 14.788747 | H428: 16.846267 | I428: 2.8076009 | J428: 2.3461813 | K428: 31.123118 | L428: 8.6405618 | M428: 14.788747 | N428: 0.061375991 | O428: 14.828972 | P428: 110.08495 | Q428: 50.473547 | R428: 0.62917715 | S428: 0.1134295 | T428: 0.1200763 | U428: 0.33749795 | V428: 0.42236487 | W428: 0.40567948 | X428: 0.081545065 | Y428: 0.17938732 | Z428: 0.094295057 | AA428: 0.0011652517
A429: 428 | B429: 21.406605 | C429: -1.5477329 | D429: 4.1081423 | E429: 48.042 | F429: 2.2147511 | G429: 8.6048147 | H429: 21.406605 | I429: 1.5477329 | J429: 4.1081423 | K429: 48.042 | L429: 2.2147511 | M429: 8.6048147 | N429: 0.064550161 | O429: 25.688646 | P429: 22.439265 | Q429: 378.35509 | R429: 0.801456 | S429: 0.062221439 | T429: 0.21043064 | U429: 0.82032233 | V429: 0.10633346 | W429: 0.065246579 | X429: 0.086043731 | Y429: 0.32024496 | Z429: 0.019220719 | AA429: 0.0087438291
A430: 429 | B430: 21.457291 | C430: -0.97538424 | D430: 4.4782441 | E430: 47.770909 | F430: 2.3893457 | G430: 8.6284903 | H430: 21.457291 | I430: 0.97538424 | J430: 4.4782441 | K430: 47.770909 | L430: 2.3893457 | M430: 8.6284903 | N430: 0.052809987 | O430: 22.564039 | P430: 336.58898 | Q430: 7.6946588 | R430: 0.8033708 | S430: 0.038957998 | T430: 0.22940966 | U430: 0.81258606 | V430: 0.1149203 | W430: 0.066549951 | X430: 0.069404696 | Y430: 0.2797166 | Z430: 0.28831078 | AA430: 0.00017647042
A431: 430 | B431: 21.456794 | C431: -0.59745567 | D431: 5.9509434 | E431: 46.555473 | F431: 2.2212298 | G431: 8.3251302 | H431: 21.456794 | I431: 0.59745567 | J431: 5.9509434 | K431: 46.555473 | L431: 2.2212298 | M431: 8.3251302 | N431: 0.053686373 | O431: 35.354698 | P431: 220.61131 | Q431: 14.275073 | R431: 0.80335204 | S431: 0.023596873 | T431: 0.30493049 | U431: 0.7779004 | V431: 0.10665209 | W431: 0.049849615 | X431: 0.070646774 | Y431: 0.44562048 | Z431: 0.18896822 | AA431: 0.00032856857
A432: 431 | B432: 21.072249 | C432: -2.6255894 | D432: 4.5099685 | E432: 46.060118 | F432: 3.9266635 | G432: 10.6477 | H432: 21.072249 | I432: 2.6255894 | J432: 4.5099685 | K432: 46.060118 | L432: 3.9266635 | M432: 10.6477 | N432: 0.078642353 | O432: 34.394058 | P432: 3.8241349 | Q432: 6492.089 | R432: 0.78882482 | S432: 0.10603154 | T432: 0.2310365 | U432: 0.76376416 | V432: 0.19052799 | W432: 0.17770984 | X432: 0.10601622 | Y432: 0.4331603 | Z432: 0.0032756251 | AA432: 0.15005525
A433: 432 | B433: 22.136862 | C433: -7.7517128 | D433: 1.1087239 | E433: 43.460585 | F433: 4.5048687 | G433: 10.096322 | H433: 22.136862 | I433: 7.7517128 | J433: 1.1087239 | K433: 43.460585 | L433: 4.5048687 | M433: 10.096322 | N433: 0.058984652 | O433: 26.216301 | P433: 83.684023 | Q433: 214.03191 | R433: 0.8290434 | S433: 0.31438579 | T433: 0.056618799 | U433: 0.68957971 | V433: 0.21896503 | W433: 0.14735584 | X433: 0.078155884 | Y433: 0.32708901 | Z433: 0.071680915 | AA433: 0.0049457015
A434: 433 | B434: 20.77247 | C434: -8.3122588 | D434: -1.4587273 | E434: 41.999647 | F434: 8.3458424 | G434: 14.453847 | H434: 20.77247 | I434: 8.3122588 | J434: 1.4587273 | K434: 41.999647 | L434: 8.3458424 | M434: 14.453847 | N434: 0.040087428 | O434: 22.598804 | P434: 376.14378 | Q434: 21.581387 | R434: 0.7774999 | S434: 0.3371695 | T434: 0.074567169 | U434: 0.64788805 | V434: 0.40787011 | W434: 0.38724282 | X434: 0.051373352 | Y434: 0.28016753 | Z434: 0.32219209 | AA434: 0.00049744501
A435: 434 | B435: 23.137177 | C435: -5.7074795 | D435: 2.391114 | E435: 36.874478 | F435: 5.5112952 | G435: 9.41658 | H435: 23.137177 | I435: 5.7074795 | J435: 2.391114 | K435: 36.874478 | L435: 5.5112952 | M435: 9.41658 | N435: 0.036945011 | O435: 26.619675 | P435: 154.33208 | Q435: 64.849421 | R435: 0.86683298 | S435: 0.23129674 | T435: 0.12238048 | U435: 0.50162798 | V435: 0.26846265 | W435: 0.10993523 | X435: 0.046919688 | Y435: 0.33232106 | Z435: 0.13219566 | AA435: 0.0014975323
A436: 435 | B436: 24.02179 | C436: 0.80604313 | D436: 6.8665128 | E436: 39.14589 | F436: 5.0488077 | G436: 12.044545 | H436: 24.02179 | I436: 0.80604313 | J436: 6.8665128 | K436: 39.14589 | L436: 5.0488077 | M436: 12.044545 | N436: 0.0766543 | O436: 29.885761 | P436: 569.52238 | Q436: 0.059796683 | R436: 0.90025156 | S436: 0.032075031 | T436: 0.3518814 | U436: 0.56644866 | V436: 0.24571679 | W436: 0.25460789 | X436: 0.1031986 | Y436: 0.37468451 | Z436: 0.48783368 | AA436: 0
A437: 436 | B437: 22.278815 | C437: 4.6440075 | D437: 8.9189332 | E437: 41.090005 | F437: 3.5382272 | G437: 9.925817 | H437: 22.278815 | I437: 4.6440075 | J437: 8.9189332 | K437: 41.090005 | L437: 3.5382272 | M437: 9.925817 | N437: 0.070769981 | O437: 31.244152 | P437: 450.13522 | Q437: 1.0742647 | R437: 0.83440605 | S437: 0.18807131 | T437: 0.45713065 | U437: 0.62192904 | V437: 0.17142408 | W437: 0.13796934 | X437: 0.094858916 | Y437: 0.39230379 | Z437: 0.38557067 | AA437: 2.3448177e-05
... A753: 3030 | B753: 18.108901 | C753: -8.1850528 | D753: -3.8032326 | E753: 24.221699 | F753: 7.7207211 | G753: 17.432848 | H753: 18.108901 | I753: 8.1850528 | J753: 3.8032326 | K753: 24.221699 | L753: 7.7207211 | M753: 17.432848 | N753: 0.064924248 | O753: 19.990417 | P753: 8.9360155 | Q753: 50.987391 | R753: 0.67687651 | S753: 0.33199914 | T753: 0.19479469 | U753: 0.14054795 | V753: 0.37712567 | W753: 0.5512404 | X753: 0.086573915 | Y753: 0.24633491 | Z753: 0.0076542899 | AA753: 0.0011771285

Sheet size_scores
A1: EST_ID | B1: Area_Ha | C1: Decile | D1: Rank | F1: decile ranges
A2: 1 | B2: 91.553166 | C2: =IF(B2<$G$2, $F$2, IF(B2<$G$3, $F$3, IF(B2<$G$4, $F$4, IF(B2<$G$5, $F$5, IF(B2<$G$6, $F$6, IF(B2<$G$7, $F$7, IF(B2<$G$8, $F$8, IF(B2<$G$9, $F$9, IF(B2<$G$10, $F$10, $F$11))))))))) -> 0.8 | D2: =C2*10 -> 8 | F2: 0.1 | G2: =PERCENTILE($B$2:$B$753, 0.1) -> 2.554563
A3: 2 | B3: 122.52264 | C3: =IF(B3<$G$2, $F$2, IF(B3<$G$3, $F$3, IF(B3<$G$4, $F$4, IF(B3<$G$5, $F$5, IF(B3<$G$6, $F$6, IF(B3<$G$7, $F$7, IF(B3<$G$8, $F$8, IF(B3<$G$9, $F$9, IF(B3<$G$10, $F$10, $F$11))))))))) -> 0.9 | D3: =C3*10 -> 9 | F3: 0.2 | G3: =PERCENTILE($B$2:$B$753, 0.2) -> 5.4300293
A4: 3 | B4: 97.451312 | C4: =IF(B4<$G$2, $F$2, IF(B4<$G$3, $F$3, IF(B4<$G$4, $F$4, IF(B4<$G$5, $F$5, IF(B4<$G$6, $F$6, IF(B4<$G$7, $F$7, IF(B4<$G$8, $F$8, IF(B4<$G$9, $F$9, IF(B4<$G$10, $F$10, $F$11))))))))) -> 0.8 | D4: =C4*10 -> 8 | F4: 0.3 | G4: =PERCENTILE($B$2:$B$753, 0.3) -> 10.382761
A5: 4 | B5: 113.93918 | C5: =IF(B5<$G$2, $F$2, IF(B5<$G$3, $F$3, IF(B5<$G$4, $F$4, IF(B5<$G$5, $F$5, IF(B5<$G$6, $F$6, IF(B5<$G$7, $F$7, IF(B5<$G$8, $F$8, IF(B5<$G$9, $F$9, IF(B5<$G$10, $F$10, $F$11))))))))) -> 0.9 | D5: =C5*10 -> 9 | F5: 0.4 | G5: =PERCENTILE($B$2:$B$753, 0.4) -> 18.102797
A6: 5 | B6: 115.35458 | C6: =IF(B6<$G$2, $F$2, IF(B6<$G$3, $F$3, IF(B6<$G$4, $F$4, IF(B6<$G$5, $F$5, IF(B6<$G$6, $F$6, IF(B6<$G$7, $F$7, IF(B6<$G$8, $F$8, IF(B6<$G$9, $F$9, IF(B6<$G$10, $F$10, $F$11))))))))) -> 0.9 | D6: =C6*10 -> 9 | F6: 0.5 | G6: =PERCENTILE($B$2:$B$753, 0.5) -> 25.764637
A7: 6 | B7: 176.06916 | C7: =IF(B7<$G$2, $F$2, IF(B7<$G$3, $F$3, IF(B7<$G$4, $F$4, IF(B7<$G$5, $F$5, IF(B7<$G$6, $F$6, IF(B7<$G$7, $F$7, IF(B7<$G$8, $F$8, IF(B7<$G$9, $F$9, IF(B7<$G$10, $F$10, $F$11))))))))) -> 0.9 | D7: =C7*10 -> 9 | F7: 0.6 | G7: =PERCENTILE($B$2:$B$753, 0.6) -> 41.138725
A8: 7 | B8: 17.807913 | C8: =IF(B8<$G$2, $F$2, IF(B8<$G$3, $F$3, IF(B8<$G$4, $F$4, IF(B8<$G$5, $F$5, IF(B8<$G$6, $F$6, IF(B8<$G$7, $F$7, IF(B8<$G$8, $F$8, IF(B8<$G$9, $F$9, IF(B8<$G$10, $F$10, $F$11))))))))) -> 0.4 | D8: =C8*10 -> 4 | F8: 0.7 | G8: =PERCENTILE($B$2:$B$753, 0.7) -> 64.053172
A9: 8 | B9: 48.64952 | C9: =IF(B9<$G$2, $F$2, IF(B9<$G$3, $F$3, IF(B9<$G$4, $F$4, IF(B9<$G$5, $F$5, IF(B9<$G$6, $F$6, IF(B9<$G$7, $F$7, IF(B9<$G$8, $F$8, IF(B9<$G$9, $F$9, IF(B9<$G$10, $F$10, $F$11))))))))) -> 0.7 | D9: =C9*10 -> 7 | F9: 0.8 | G9: =PERCENTILE($B$2:$B$753, 0.8) -> 113.45374
A10: 9 | B10: 148.57937 | C10: =IF(B10<$G$2, $F$2, IF(B10<$G$3, $F$3, IF(B10<$G$4, $F$4, IF(B10<$G$5, $F$5, IF(B10<$G$6, $F$6, IF(B10<$G$7, $F$7, IF(B10<$G$8, $F$8, IF(B10<$G$9, $F$9, IF(B10<$G$10, $F$10, $F$11))))))))) -> 0.9 | D10: =C10*10 -> 9 | F10: 0.9 | G10: =PERCENTILE($B$2:$B$753, 0.9) -> 357.83049
A11: 10 | B11: 118.31326 | C11: =IF(B11<$G$2, $F$2, IF(B11<$G$3, $F$3, IF(B11<$G$4, $F$4, IF(B11<$G$5, $F$5, IF(B11<$G$6, $F$6, IF(B11<$G$7, $F$7, IF(B11<$G$8, $F$8, IF(B11<$G$9, $F$9, IF(B11<$G$10, $F$10, $F$11))))))))) -> 0.9 | D11: =C11*10 -> 9 | F11: 1 | G11: =PERCENTILE($B$2:$B$753, 1) -> 43264.32
A12: 11 | B12: 288.65926 | C12: =IF(B12<$G$2, $F$2, IF(B12<$G$3, $F$3, IF(B12<$G$4, $F$4, IF(B12<$G$5, $F$5, IF(B12<$G$6, $F$6, IF(B12<$G$7, $F$7, IF(B12<$G$8, $F$8, IF(B12<$G$9, $F$9, IF(B12<$G$10, $F$10, $F$11))))))))) -> 0.9 | D12: =C12*10 -> 9
A13: 12 | B13: 17.887168 | C13: =IF(B13<$G$2, $F$2, IF(B13<$G$3, $F$3, IF(B13<$G$4, $F$4, IF(B13<$G$5, $F$5, IF(B13<$G$6, $F$6, IF(B13<$G$7, $F$7, IF(B13<$G$8, $F$8, IF(B13<$G$9, $F$9, IF(B13<$G$10, $F$10, $F$11))))))))) -> 0.4 | D13: =C13*10 -> 4
A14: 13 | B14: 777.94496 | C14: =IF(B14<$G$2, $F$2, IF(B14<$G$3, $F$3, IF(B14<$G$4, $F$4, IF(B14<$G$5, $F$5, IF(B14<$G$6, $F$6, IF(B14<$G$7, $F$7, IF(B14<$G$8, $F$8, IF(B14<$G$9, $F$9, IF(B14<$G$10, $F$10, $F$11))))))))) -> 1 | D14: =C14*10 -> 10 | F14: ranked high to low
A15: 14 | B15: 392.72086 | C15: =IF(B15<$G$2, $F$2, IF(B15<$G$3, $F$3, IF(B15<$G$4, $F$4, IF(B15<$G$5, $F$5, IF(B15<$G$6, $F$6, IF(B15<$G$7, $F$7, IF(B15<$G$8, $F$8, IF(B15<$G$9, $F$9, IF(B15<$G$10, $F$10, $F$11))))))))) -> 1 | D15: =C15*10 -> 10 | F15: 1 = largest
A16: 15 | B16: 897.87741 | C16: =IF(B16<$G$2, $F$2, IF(B16<$G$3, $F$3, IF(B16<$G$4, $F$4, IF(B16<$G$5, $F$5, IF(B16<$G$6, $F$6, IF(B16<$G$7, $F$7, IF(B16<$G$8, $F$8, IF(B16<$G$9, $F$9, IF(B16<$G$10, $F$10, $F$11))))))))) -> 1 | D16: =C16*10 -> 10 | F16: 10 = smallest
A17: 16 | B17: 610.45355 | C17: =IF(B17<$G$2, $F$2, IF(B17<$G$3, $F$3, IF(B17<$G$4, $F$4, IF(B17<$G$5, $F$5, IF(B17<$G$6, $F$6, IF(B17<$G$7, $F$7, IF(B17<$G$8, $F$8, IF(B17<$G$9, $F$9, IF(B17<$G$10, $F$10, $F$11))))))))) -> 1 | D17: =C17*10 -> 10
A18: 17 | B18: 78.540008 | C18: =IF(B18<$G$2, $F$2, IF(B18<$G$3, $F$3, IF(B18<$G$4, $F$4, IF(B18<$G$5, $F$5, IF(B18<$G$6, $F$6, IF(B18<$G$7, $F$7, IF(B18<$G$8, $F$8, IF(B18<$G$9, $F$9, IF(B18<$G$10, $F$10, $F$11))))))))) -> 0.8 | D18: =C18*10 -> 8
A19: 18 | B19: 76.314305 | C19: =IF(B19<$G$2, $F$2, IF(B19<$G$3, $F$3, IF(B19<$G$4, $F$4, IF(B19<$G$5, $F$5, IF(B19<$G$6, $F$6, IF(B19<$G$7, $F$7, IF(B19<$G$8, $F$8, IF(B19<$G$9, $F$9, IF(B19<$G$10, $F$10, $F$11))))))))) -> 0.8 | D19: =C19*10 -> 8
A20: 19 | B20: 46.034564 | C20: =IF(B20<$G$2, $F$2, IF(B20<$G$3, $F$3, IF(B20<$G$4, $F$4, IF(B20<$G$5, $F$5, IF(B20<$G$6, $F$6, IF(B20<$G$7, $F$7, IF(B20<$G$8, $F$8, IF(B20<$G$9, $F$9, IF(B20<$G$10, $F$10, $F$11))))))))) -> 0.7 | D20: =C20*10 -> 7
A21: 20 | B21: 39.004147 | C21: =IF(B21<$G$2, $F$2, IF(B21<$G$3, $F$3, IF(B21<$G$4, $F$4, IF(B21<$G$5, $F$5, IF(B21<$G$6, $F$6, IF(B21<$G$7, $F$7, IF(B21<$G$8, $F$8, IF(B21<$G$9, $F$9, IF(B21<$G$10, $F$10, $F$11))))))))) -> 0.6 | D21: =C21*10 -> 6
A22: 21 | B22: 31.815892 | C22: =IF(B22<$G$2, $F$2, IF(B22<$G$3, $F$3, IF(B22<$G$4, $F$4, IF(B22<$G$5, $F$5, IF(B22<$G$6, $F$6, IF(B22<$G$7, $F$7, IF(B22<$G$8, $F$8, IF(B22<$G$9, $F$9, IF(B22<$G$10, $F$10, $F$11))))))))) -> 0.6 | D22: =C22*10 -> 6
A23: 22 | B23: 294.34733 | C23: =IF(B23<$G$2, $F$2, IF(B23<$G$3, $F$3, IF(B23<$G$4, $F$4, IF(B23<$G$5, $F$5, IF(B23<$G$6, $F$6, IF(B23<$G$7, $F$7, IF(B23<$G$8, $F$8, IF(B23<$G$9, $F$9, IF(B23<$G$10, $F$10, $F$11))))))))) -> 0.9 | D23: =C23*10 -> 9
A24: 23 | B24: 81.966238 | C24: =IF(B24<$G$2, $F$2, IF(B24<$G$3, $F$3, IF(B24<$G$4, $F$4, IF(B24<$G$5, $F$5, IF(B24<$G$6, $F$6, IF(B24<$G$7, $F$7, IF(B24<$G$8, $F$8, IF(B24<$G$9, $F$9, IF(B24<$G$10, $F$10, $F$11))))))))) -> 0.8 | D24: =C24*10 -> 8
A25: 24 | B25: 219.70703 | C25: =IF(B25<$G$2, $F$2, IF(B25<$G$3, $F$3, IF(B25<$G$4, $F$4, IF(B25<$G$5, $F$5, IF(B25<$G$6, $F$6, IF(B25<$G$7, $F$7, IF(B25<$G$8, $F$8, IF(B25<$G$9, $F$9, IF(B25<$G$10, $F$10, $F$11))))))))) -> 0.9 | D25: =C25*10 -> 9
A26: 25 | B26: 868.92185 | C26: =IF(B26<$G$2, $F$2, IF(B26<$G$3, $F$3, IF(B26<$G$4, $F$4, IF(B26<$G$5, $F$5, IF(B26<$G$6, $F$6, IF(B26<$G$7, $F$7, IF(B26<$G$8, $F$8, IF(B26<$G$9, $F$9, IF(B26<$G$10, $F$10, $F$11))))))))) -> 1 | D26: =C26*10 -> 10
A27: 26 | B27: 18.518564 | C27: =IF(B27<$G$2, $F$2, IF(B27<$G$3, $F$3, IF(B27<$G$4, $F$4, IF(B27<$G$5, $F$5, IF(B27<$G$6, $F$6, IF(B27<$G$7, $F$7, IF(B27<$G$8, $F$8, IF(B27<$G$9, $F$9, IF(B27<$G$10, $F$10, $F$11))))))))) -> 0.5 | D27: =C27*10 -> 5
A28: 27 | B28: 8.9218758 | C28: =IF(B28<$G$2, $F$2, IF(B28<$G$3, $F$3, IF(B28<$G$4, $F$4, IF(B28<$G$5, $F$5, IF(B28<$G$6, $F$6, IF(B28<$G$7, $F$7, IF(B28<$G$8, $F$8, IF(B28<$G$9, $F$9, IF(B28<$G$10, $F$10, $F$11))))))))) -> 0.3 | D28: =C28*10 -> 3
... A753: 3030 | B753: 50.987391 | C753: =IF(B753<$G$2, $F$2, IF(B753<$G$3, $F$3, IF(B753<$G$4, $F$4, IF(B753<$G$5, $F$5, IF(B753<$G$6, $F$6, IF(B753<$G$7, $F$7, IF(B753<$G$8, $F$8, IF(B753<$G$9, $F$9, IF(B753<$G$10, $F$10, $F$11))))))))) -> 0.7 | D753: =C753*10 -> 7

Sheet climate_scores
A1: EST_ID | B1: mean.tas | C1: mean.pr | D1: SD.tas | E1: SD.pr | F1: ES.tas | G1: ES.pr | H1: cumulative.score | I1: rank
A2: 1 | B2: =estuary_data!U2*weights!$C$2 -> 0.036221763 | C2: =estuary_data!R2*weights!$C$5 -> 0.065469908 | D2: =estuary_data!V2*weights!$C$3 -> 0.030204007 | E2: =estuary_data!S2*weights!$C$6 -> 0.032749069 | F2: =estuary_data!W2*weights!$C$4 -> 0.078468729 | G2: =estuary_data!T2*weights!$C$7 -> 0.034495986 | H2: =SUM(B2:G2) -> 0.27760946 | I2: =IF(H2>$L$5/10*9,"1",IF(H2>$L$5/10*8,"2",IF(H2>$L$5/10*7,"3",IF(H2>$L$5/10*6,"4",IF(H2>$L$5/10*5,"5",IF(H2>$L$5/10*4,"6",IF(H2>$L$5/10*3,"7",IF(H2>$L$5/10*2,"8",IF(H2>$L$5/10,"9","10"))))))))) -> 6
A3: 2 | B3: =estuary_data!U3*weights!$C$2 -> 0.039340044 | C3: =estuary_data!R3*weights!$C$5 -> 0.078058818 | D3: =estuary_data!V3*weights!$C$3 -> 0.034313388 | E3: =estuary_data!S3*weights!$C$6 -> 0.024866237 | F3: =estuary_data!W3*weights!$C$4 -> 0.091613637 | G3: =estuary_data!T3*weights!$C$7 -> 0.010771004 | H3: =SUM(B3:G3) -> 0.27896313 | I3: =IF(H3>$L$5/10*9,"1",IF(H3>$L$5/10*8,"2",IF(H3>$L$5/10*7,"3",IF(H3>$L$5/10*6,"4",IF(H3>$L$5/10*5,"5",IF(H3>$L$5/10*4,"6",IF(H3>$L$5/10*3,"7",IF(H3>$L$5/10*2,"8",IF(H3>$L$5/10,"9","10"))))))))) -> 6
A4: 3 | B4: =estuary_data!U4*weights!$C$2 -> 0.077215604 | C4: =estuary_data!R4*weights!$C$5 -> 0.082702109 | D4: =estuary_data!V4*weights!$C$3 -> 0.041534144 | E4: =estuary_data!S4*weights!$C$6 -> 0.011893398 | F4: =estuary_data!W4*weights!$C$4 -> 0.17653977 | G4: =estuary_data!T4*weights!$C$7 -> 0.061502535 | H4: =SUM(B4:G4) -> 0.45138756 | I4: =IF(H4>$L$5/10*9,"1",IF(H4>$L$5/10*8,"2",IF(H4>$L$5/10*7,"3",IF(H4>$L$5/10*6,"4",IF(H4>$L$5/10*5,"5",IF(H4>$L$5/10*4,"6",IF(H4>$L$5/10*3,"7",IF(H4>$L$5/10*2,"8",IF(H4>$L$5/10,"9","10"))))))))) -> 4
A5: 4 | B5: =estuary_data!U5*weights!$C$2 -> 0.077453701 | C5: =estuary_data!R5*weights!$C$5 -> 0.082071148 | D5: =estuary_data!V5*weights!$C$3 -> 0.037653205 | E5: =estuary_data!S5*weights!$C$6 -> 0.017436314 | F5: =estuary_data!W5*weights!$C$4 -> 0.16169562 | G5: =estuary_data!T5*weights!$C$7 -> 0.0713837 | H5: =SUM(B5:G5) -> 0.44769368 | I5: =IF(H5>$L$5/10*9,"1",IF(H5>$L$5/10*8,"2",IF(H5>$L$5/10*7,"3",IF(H5>$L$5/10*6,"4",IF(H5>$L$5/10*5,"5",IF(H5>$L$5/10*4,"6",IF(H5>$L$5/10*3,"7",IF(H5>$L$5/10*2,"8",IF(H5>$L$5/10,"9","10"))))))))) -> 4 | K5: max | L5: 0.66432 | M5: all values scored and scaled according to max
A6: 5 | B6: =estuary_data!U6*weights!$C$2 -> 0.037216136 | C6: =estuary_data!R6*weights!$C$5 -> 0.075366008 | D6: =estuary_data!V6*weights!$C$3 -> 0.031882774 | E6: =estuary_data!S6*weights!$C$6 -> 0.027566482 | F6: =estuary_data!W6*weights!$C$4 -> 0.081691309 | G6: =estuary_data!T6*weights!$C$7 -> 0.018346074 | H6: =SUM(B6:G6) -> 0.27206878 | I6: =IF(H6>$L$5/10*9,"1",IF(H6>$L$5/10*8,"2",IF(H6>$L$5/10*7,"3",IF(H6>$L$5/10*6,"4",IF(H6>$L$5/10*5,"5",IF(H6>$L$5/10*4,"6",IF(H6>$L$5/10*3,"7",IF(H6>$L$5/10*2,"8",IF(H6>$L$5/10,"9","10"))))))))) -> 6
A7: 6 | B7: =estuary_data!U7*weights!$C$2 -> 0.036426689 | C7: =estuary_data!R7*weights!$C$5 -> 0.070952559 | D7: =estuary_data!V7*weights!$C$3 -> 0.028388438 | E7: =estuary_data!S7*weights!$C$6 -> 0.032611192 | F7: =estuary_data!W7*weights!$C$4 -> 0.077753165 | G7: =estuary_data!T7*weights!$C$7 -> 0.0313881 | H7: =SUM(B7:G7) -> 0.27752014 | I7: =IF(H7>$L$5/10*9,"1",IF(H7>$L$5/10*8,"2",IF(H7>$L$5/10*7,"3",IF(H7>$L$5/10*6,"4",IF(H7>$L$5/10*5,"5",IF(H7>$L$5/10*4,"6",IF(H7>$L$5/10*3,"7",IF(H7>$L$5/10*2,"8",IF(H7>$L$5/10,"9","10"))))))))) -> 6
A8: 7 | B8: =estuary_data!U8*weights!$C$2 -> 0.048897568 | C8: =estuary_data!R8*weights!$C$5 -> 0.10234955 | D8: =estuary_data!V8*weights!$C$3 -> 0.018926972 | E8: =estuary_data!S8*weights!$C$6 -> 0.0065238878 | F8: =estuary_data!W8*weights!$C$4 -> 0.059582979 | G8: =estuary_data!T8*weights!$C$7 -> 0.10469248 | H8: =SUM(B8:G8) -> 0.34097344 | I8: =IF(H8>$L$5/10*9,"1",IF(H8>$L$5/10*8,"2",IF(H8>$L$5/10*7,"3",IF(H8>$L$5/10*6,"4",IF(H8>$L$5/10*5,"5",IF(H8>$L$5/10*4,"6",IF(H8>$L$5/10*3,"7",IF(H8>$L$5/10*2,"8",IF(H8>$L$5/10,"9","10"))))))))) -> 5
A9: 8 | B9: =estuary_data!U9*weights!$C$2 -> 0.048556975 | C9: =estuary_data!R9*weights!$C$5 -> 0.10246592 | D9: =estuary_data!V9*weights!$C$3 -> 0.019546557 | E9: =estuary_data!S9*weights!$C$6 -> 0.0060577402 | F9: =estuary_data!W9*weights!$C$4 -> 0.054743845 | G9: =estuary_data!T9*weights!$C$7 -> 0.041079166 | H9: =SUM(B9:G9) -> 0.2724502 | I9: =IF(H9>$L$5/10*9,"1",IF(H9>$L$5/10*8,"2",IF(H9>$L$5/10*7,"3",IF(H9>$L$5/10*6,"4",IF(H9>$L$5/10*5,"5",IF(H9>$L$5/10*4,"6",IF(H9>$L$5/10*3,"7",IF(H9>$L$5/10*2,"8",IF(H9>$L$5/10,"9","10"))))))))) -> 6 | K9: ranked high to low
A10: 9 | B10: =estuary_data!U10*weights!$C$2 -> 0.054477103 | C10: =estuary_data!R10*weights!$C$5 -> 0.089253421 | D10: =estuary_data!V10*weights!$C$3 -> 0.0371493 | E10: =estuary_data!S10*weights!$C$6 -> 0.012738096 | F10: =estuary_data!W10*weights!$C$4 -> 0.11794284 | G10: =estuary_data!T10*weights!$C$7 -> 0.017273018 | H10: =SUM(B10:G10) -> 0.32883378 | I10: =IF(H10>$L$5/10*9,"1",IF(H10>$L$5/10*8,"2",IF(H10>$L$5/10*7,"3",IF(H10>$L$5/10*6,"4",IF(H10>$L$5/10*5,"5",IF(H10>$L$5/10*4,"6",IF(H10>$L$5/10*3,"7",IF(H10>$L$5/10*2,"8",IF(H10>$L$5/10,"9","10"))))))))) -> 6 | K10: 1 = highest climate impact
A11: 10 | B11: =estuary_data!U11*weights!$C$2 -> 0.042062486 | C11: =estuary_data!R11*weights!$C$5 -> 0.081732906 | D11: =estuary_data!V11*weights!$C$3 -> 0.033436831 | E11: =estuary_data!S11*weights!$C$6 -> 0.019442694 | F11: =estuary_data!W11*weights!$C$4 -> 0.096101587 | G11: =estuary_data!T11*weights!$C$7 -> 0.00069297624 | H11: =SUM(B11:G11) -> 0.27346948 | I11: =IF(H11>$L$5/10*9,"1",IF(H11>$L$5/10*8,"2",IF(H11>$L$5/10*7,"3",IF(H11>$L$5/10*6,"4",IF(H11>$L$5/10*5,"5",IF(H11>$L$5/10*4,"6",IF(H11>$L$5/10*3,"7",IF(H11>$L$5/10*2,"8",IF(H11>$L$5/10,"9","10"))))))))) -> 6 | K11: 10 = lowest climate impact
A12: 11 | B12: =estuary_data!U12*weights!$C$2 -> 0.036434853 | C12: =estuary_data!R12*weights!$C$5 -> 0.065497489 | D12: =estuary_data!V12*weights!$C$3 -> 0.030622034 | E12: =estuary_data!S12*weights!$C$6 -> 0.03223966 | F12: =estuary_data!W12*weights!$C$4 -> 0.079701268 | G12: =estuary_data!T12*weights!$C$7 -> 0.033393732 | H12: =SUM(B12:G12) -> 0.27788904 | I12: =IF(H12>$L$5/10*9,"1",IF(H12>$L$5/10*8,"2",IF(H12>$L$5/10*7,"3",IF(H12>$L$5/10*6,"4",IF(H12>$L$5/10*5,"5",IF(H12>$L$5/10*4,"6",IF(H12>$L$5/10*3,"7",IF(H12>$L$5/10*2,"8",IF(H12>$L$5/10,"9","10"))))))))) -> 6
A13: 12 | B13: =estuary_data!U13*weights!$C$2 -> 0.068460807 | C13: =estuary_data!R13*weights!$C$5 -> 0.058447276 | D13: =estuary_data!V13*weights!$C$3 -> 0.058122311 | E13: =estuary_data!S13*weights!$C$6 -> 0.031506382 | F13: =estuary_data!W13*weights!$C$4 -> 0.21317066 | G13: =estuary_data!T13*weights!$C$7 -> 0.037701744 | H13: =SUM(B13:G13) -> 0.46740918 | I13: =IF(H13>$L$5/10*9,"1",IF(H13>$L$5/10*8,"2",IF(H13>$L$5/10*7,"3",IF(H13>$L$5/10*6,"4",IF(H13>$L$5/10*5,"5",IF(H13>$L$5/10*4,"6",IF(H13>$L$5/10*3,"7",IF(H13>$L$5/10*2,"8",IF(H13>$L$5/10,"9","10"))))))))) -> 3
A14: 13 | B14: =estuary_data!U14*weights!$C$2 -> 0.052729949 | C14: =estuary_data!R14*weights!$C$5 -> 0.076287046 | D14: =estuary_data!V14*weights!$C$3 -> 0.036882433 | E14: =estuary_data!S14*weights!$C$6 -> 0.0096483158 | F14: =estuary_data!W14*weights!$C$4 -> 0.12933216 | G14: =estuary_data!T14*weights!$C$7 -> 0.012458399 | H14: =SUM(B14:G14) -> 0.3173383 | I14: =IF(H14>$L$5/10*9,"1",IF(H14>$L$5/10*8,"2",IF(H14>$L$5/10*7,"3",IF(H14>$L$5/10*6,"4",IF(H14>$L$5/10*5,"5",IF(H14>$L$5/10*4,"6",IF(H14>$L$5/10*3,"7",IF(H14>$L$5/10*2,"8",IF(H14>$L$5/10,"9","10"))))))))) -> 6
A15: 14 | B15: =estuary_data!U15*weights!$C$2 -> 0.055665166 | C15: =estuary_data!R15*weights!$C$5 -> 0.061984391 | D15: =estuary_data!V15*weights!$C$3 -> 0.037786046 | E15: =estuary_data!S15*weights!$C$6 -> 0.01667104 | F15: =estuary_data!W15*weights!$C$4 -> 0.13572805 | G15: =estuary_data!T15*weights!$C$7 -> 0.006995745 | H15: =SUM(B15:G15) -> 0.31483044 | I15: =IF(H15>$L$5/10*9,"1",IF(H15>$L$5/10*8,"2",IF(H15>$L$5/10*7,"3",IF(H15>$L$5/10*6,"4",IF(H15>$L$5/10*5,"5",IF(H15>$L$5/10*4,"6",IF(H15>$L$5/10*3,"7",IF(H15>$L$5/10*2,"8",IF(H15>$L$5/10,"9","10"))))))))) -> 6
A16: 15 | B16: =estuary_data!U16*weights!$C$2 -> 0.050114485 | C16: =estuary_data!R16*weights!$C$5 -> 0.090211616 | D16: =estuary_data!V16*weights!$C$3 -> 0.036120397 | E16: =estuary_data!S16*weights!$C$6 -> 0.010817255 | F16: =estuary_data!W16*weights!$C$4 -> 0.12385928 | G16: =estuary_data!T16*weights!$C$7 -> 0.016403024 | H16: =SUM(B16:G16) -> 0.32752606 | I16: =IF(H16>$L$5/10*9,"1",IF(H16>$L$5/10*8,"2",IF(H16>$L$5/10*7,"3",IF(H16>$L$5/10*6,"4",IF(H16>$L$5/10*5,"5",IF(H16>$L$5/10*4,"6",IF(H16>$L$5/10*3,"7",IF(H16>$L$5/10*2,"8",IF(H16>$L$5/10,"9","10"))))))))) -> 6
A17: 16 | B17: =estuary_data!U17*weights!$C$2 -> 0.036804793 | C17: =estuary_data!R17*weights!$C$5 -> 0.071136251 | D17: =estuary_data!V17*weights!$C$3 -> 0.029870783 | E17: =estuary_data!S17*weights!$C$6 -> 0.030850135 | F17: =estuary_data!W17*weights!$C$4 -> 0.078572452 | G17: =estuary_data!T17*weights!$C$7 -> 0.027798783 | H17: =SUM(B17:G17) -> 0.2750332 | I17: =IF(H17>$L$5/10*9,"1",IF(H17>$L$5/10*8,"2",IF(H17>$L$5/10*7,"3",IF(H17>$L$5/10*6,"4",IF(H17>$L$5/10*5,"5",IF(H17>$L$5/10*4,"6",IF(H17>$L$5/10*3,"7",IF(H17>$L$5/10*2,"8",IF(H17>$L$5/10,"9","10"))))))))) -> 6
A18: 17 | B18: =estuary_data!U18*weights!$C$2 -> 0.068794873 | C18: =estuary_data!R18*weights!$C$5 -> 0.038581242 | D18: =estuary_data!V18*weights!$C$3 -> 0.058185488 | E18: =estuary_data!S18*weights!$C$6 -> 0.025557671 | F18: =estuary_data!W18*weights!$C$4 -> 0.21680585 | G18: =estuary_data!T18*weights!$C$7 -> 0.032441137 | H18: =SUM(B18:G18) -> 0.44036626 | I18: =IF(H18>$L$5/10*9,"1",IF(H18>$L$5/10*8,"2",IF(H18>$L$5/10*7,"3",IF(H18>$L$5/10*6,"4",IF(H18>$L$5/10*5,"5",IF(H18>$L$5/10*4,"6",IF(H18>$L$5/10*3,"7",IF(H18>$L$5/10*2,"8",IF(H18>$L$5/10,"9","10"))))))))) -> 4
A19: 18 | B19: =estuary_data!U19*weights!$C$2 -> 0.04947856 | C19: =estuary_data!R19*weights!$C$5 -> 0.090966554 | D19: =estuary_data!V19*weights!$C$3 -> 0.03644365 | E19: =estuary_data!S19*weights!$C$6 -> 0.011077254 | F19: =estuary_data!W19*weights!$C$4 -> 0.11421251 | G19: =estuary_data!T19*weights!$C$7 -> 0.051857289 | H19: =SUM(B19:G19) -> 0.35403581 | I19: =IF(H19>$L$5/10*9,"1",IF(H19>$L$5/10*8,"2",IF(H19>$L$5/10*7,"3",IF(H19>$L$5/10*6,"4",IF(H19>$L$5/10*5,"5",IF(H19>$L$5/10*4,"6",IF(H19>$L$5/10*3,"7",IF(H19>$L$5/10*2,"8",IF(H19>$L$5/10,"9","10"))))))))) -> 5
A20: 19 | B20: =estuary_data!U20*weights!$C$2 -> 0.050575582 | C20: =estuary_data!R20*weights!$C$5 -> 0.088405178 | D20: =estuary_data!V20*weights!$C$3 -> 0.031314087 | E20: =estuary_data!S20*weights!$C$6 -> 0.011207193 | F20: =estuary_data!W20*weights!$C$4 -> 0.097434637 | G20: =estuary_data!T20*weights!$C$7 -> 0.0465874 | H20: =SUM(B20:G20) -> 0.32552408 | I20: =IF(H20>$L$5/10*9,"1",IF(H20>$L$5/10*8,"2",IF(H20>$L$5/10*7,"3",IF(H20>$L$5/10*6,"4",IF(H20>$L$5/10*5,"5",IF(H20>$L$5/10*4,"6",IF(H20>$L$5/10*3,"7",IF(H20>$L$5/10*2,"8",IF(H20>$L$5/10,"9","10"))))))))) -> 6
A21: 20 | B21: =estuary_data!U21*weights!$C$2 -> 0.053943391 | C21: =estuary_data!R21*weights!$C$5 -> 0.089508732 | D21: =estuary_data!V21*weights!$C$3 -> 0.039597056 | E21: =estuary_data!S21*weights!$C$6 -> 0.014579366 | F21: =estuary_data!W21*weights!$C$4 -> 0.12564127 | G21: =estuary_data!T21*weights!$C$7 -> 0.048339253 | H21: =SUM(B21:G21) -> 0.37160907 | I21: =IF(H21>$L$5/10*9,"1",IF(H21>$L$5/10*8,"2",IF(H21>$L$5/10*7,"3",IF(H21>$L$5/10*6,"4",IF(H21>$L$5/10*5,"5",IF(H21>$L$5/10*4,"6",IF(H21>$L$5/10*3,"7",IF(H21>$L$5/10*2,"8",IF(H21>$L$5/10,"9","10"))))))))) -> 5
A22: 21 | B22: =estuary_data!U22*weights!$C$2 -> 0.054942168 | C22: =estuary_data!R22*weights!$C$5 -> 0.088998849 | D22: =estuary_data!V22*weights!$C$3 -> 0.040540422 | E22: =estuary_data!S22*weights!$C$6 -> 0.017306536 | F22: =estuary_data!W22*weights!$C$4 -> 0.13317485 | G22: =estuary_data!T22*weights!$C$7 -> 0.04324363 | H22: =SUM(B22:G22) -> 0.37820645 | I22: =IF(H22>$L$5/10*9,"1",IF(H22>$L$5/10*8,"2",IF(H22>$L$5/10*7,"3",IF(H22>$L$5/10*6,"4",IF(H22>$L$5/10*5,"5",IF(H22>$L$5/10*4,"6",IF(H22>$L$5/10*3,"7",IF(H22>$L$5/10*2,"8",IF(H22>$L$5/10,"9","10"))))))))) -> 5
A23: 22 | B23: =estuary_data!U23*weights!$C$2 -> 0.0430662 | C23: =estuary_data!R23*weights!$C$5 -> 0.079644913 | D23: =estuary_data!V23*weights!$C$3 -> 0.032548093 | E23: =estuary_data!S23*weights!$C$6 -> 0.013760544 | F23: =estuary_data!W23*weights!$C$4 -> 0.090213553 | G23: =estuary_data!T23*weights!$C$7 -> 0.012193588 | H23: =SUM(B23:G23) -> 0.27142689 | I23: =IF(H23>$L$5/10*9,"1",IF(H23>$L$5/10*8,"2",IF(H23>$L$5/10*7,"3",IF(H23>$L$5/10*6,"4",IF(H23>$L$5/10*5,"5",IF(H23>$L$5/10*4,"6",IF(H23>$L$5/10*3,"7",IF(H23>$L$5/10*2,"8",IF(H23>$L$5/10,"9","10"))))))))) -> 6
... A253: 252 | B253: =estuary_data!U253*weights!$C$2 -> 0.091876935 | C253: =estuary_data!R253*weights!$C$5 -> 0.11902146 | D253: =estuary_data!V253*weights!$C$3 -> 0.0091309237 | E253: =estuary_data!S253*weights!$C$6 -> 0.039219058 | F253: =estuary_data!W253*weights!$C$4 -> 0.011248789 | G253: =estuary_data!T253*weights!$C$7 -> 0.13831867 | H253: =SUM(B253:G253) -> 0.40881583 | I253: =IF(H253>$L$5/10*9,"1",IF(H253>$L$5/10*8,"2",IF(H253>$L$5/10*7,"3",IF(H253>$L$5/10*6,"4",IF(H253>$L$5/10*5,"5",IF(H253>$L$5/10*4,"6",IF(H253>$L$5/10*3,"7",IF(H253>$L$5/10*2,"8",IF(H253>$L$5/10,"9","10"))))))))) -> 4
A254: 253 | B254: =estuary_data!U748*weights!$C$2 -> 0.020697194 | C254: =estuary_data!R748*weights!$C$5 -> 0.091702036 | D254: =estuary_data!V748*weights!$C$3 -> 0.033265346 | E254: =estuary_data!S748*weights!$C$6 -> 0.048703011 | F254: =estuary_data!W748*weights!$C$4 -> 0.14435994 | G254: =estuary_data!T748*weights!$C$7 -> 0.069329836 | H254: =SUM(B254:G254) -> 0.40805737 | I254: =IF(H254>$L$5/10*9,"1",IF(H254>$L$5/10*8,"2",IF(H254>$L$5/10*7,"3",IF(H254>$L$5/10*6,"4",IF(H254>$L$5/10*5,"5",IF(H254>$L$5/10*4,"6",IF(H254>$L$5/10*3,"7",IF(H254>$L$5/10*2,"8",IF(H254>$L$5/10,"9","10"))))))))) -> 4
A255: 254 | B255: =estuary_data!U254*weights!$C$2 -> #VALUE! | C255: =estuary_data!R254*weights!$C$5 -> #VALUE! | D255: =estuary_data!V254*weights!$C$3 -> #VALUE! | E255: =estuary_data!S254*weights!$C$6 -> #VALUE! | F255: =estuary_data!W254*weights!$C$4 -> #VALUE! | G255: =estuary_data!T254*weights!$C$7 -> #VALUE! | H255: =SUM(B255:G255) -> #VALUE! | I255: =IF(H255>$L$5/10*9,"1",IF(H255>$L$5/10*8,"2",IF(H255>$L$5/10*7,"3",IF(H255>$L$5/10*6,"4",IF(H255>$L$5/10*5,"5",IF(H255>$L$5/10*4,"6",IF(H255>$L$5/10*3,"7",IF(H255>$L$5/10*2,"8",IF(H255>$L$5/10,"9","10"))))))))) -> #VALUE!
A256: 255 | B256: =estuary_data!U255*weights!$C$2 -> 0.099635487 | C256: =estuary_data!R255*weights!$C$5 -> 0.11633144 | D256: =estuary_data!V255*weights!$C$3 -> 0.011199683 | E256: =estuary_data!S255*weights!$C$6 -> 0.03411052 | F256: =estuary_data!W255*weights!$C$4 -> 0.020983142 | G256: =estuary_data!T255*weights!$C$7 -> 0.12693543 | H256: =SUM(B256:G256) -> 0.4091957 | I256: =IF(H256>$L$5/10*9,"1",IF(H256>$L$5/10*8,"2",IF(H256>$L$5/10*7,"3",IF(H256>$L$5/10*6,"4",IF(H256>$L$5/10*5,"5",IF(H256>$L$5/10*4,"6",IF(H256>$L$5/10*3,"7",IF(H256>$L$5/10*2,"8",IF(H256>$L$5/10,"9","10"))))))))) -> 4
A257: 256 | B257: =estuary_data!U256*weights!$C$2 -> 0.13495718 | C257: =estuary_data!R256*weights!$C$5 -> 0.11607241 | D257: =estuary_data!V256*weights!$C$3 -> 0.013404289 | E257: =estuary_data!S256*weights!$C$6 -> 0.031449359 | F257: =estuary_data!W256*weights!$C$4 -> 0.046072967 | G257: =estuary_data!T256*weights!$C$7 -> 0.12158169 | H257: =SUM(B257:G257) -> 0.46353789 | I257: =IF(H257>$L$5/10*9,"1",IF(H257>$L$5/10*8,"2",IF(H257>$L$5/10*7,"3",IF(H257>$L$5/10*6,"4",IF(H257>$L$5/10*5,"5",IF(H257>$L$5/10*4,"6",IF(H257>$L$5/10*3,"7",IF(H257>$L$5/10*2,"8",IF(H257>$L$5/10,"9","10"))))))))) -> 4
A258: 257 | B258: =estuary_data!U257*weights!$C$2 -> 0.10331244 | C258: =estuary_data!R257*weights!$C$5 -> 0.11590066 | D258: =estuary_data!V257*weights!$C$3 -> 0.014248943 | E258: =estuary_data!S257*weights!$C$6 -> 0.030811959 | F258: =estuary_data!W257*weights!$C$4 -> 0.040940661 | G258: =estuary_data!T257*weights!$C$7 -> 0.12000521 | H258: =SUM(B258:G258) -> 0.42521987 | I258: =IF(H258>$L$5/10*9,"1",IF(H258>$L$5/10*8,"2",IF(H258>$L$5/10*7,"3",IF(H258>$L$5/10*6,"4",IF(H258>$L$5/10*5,"5",IF(H258>$L$5/10*4,"6",IF(H258>$L$5/10*3,"7",IF(H258>$L$5/10*2,"8",IF(H258>$L$5/10,"9","10"))))))))) -> 4
A259: 258 | B259: =estuary_data!U258*weights!$C$2 -> 0.12606553 | C259: =estuary_data!R258*weights!$C$5 -> 0.11425486 | D259: =estuary_data!V258*weights!$C$3 -> 0.012357417 | E259: =estuary_data!S258*weights!$C$6 -> 0.03678282 | F259: =estuary_data!W258*weights!$C$4 -> 0.0320032 | G259: =estuary_data!T258*weights!$C$7 -> 0.13084528 | H259: =SUM(B259:G259) -> 0.45230911 | I259: =IF(H259>$L$5/10*9,"1",IF(H259>$L$5/10*8,"2",IF(H259>$L$5/10*7,"3",IF(H259>$L$5/10*6,"4",IF(H259>$L$5/10*5,"5",IF(H259>$L$5/10*4,"6",IF(H259>$L$5/10*3,"7",IF(H259>$L$5/10*2,"8",IF(H259>$L$5/10,"9","10"))))))))) -> 4
A260: 259 | B260: =estuary_data!U259*weights!$C$2 -> 0.093255874 | C260: =estuary_data!R259*weights!$C$5 -> 0.11412375 | D260: =estuary_data!V259*weights!$C$3 -> 0.011665581 | E260: =estuary_data!S259*weights!$C$6 -> 0.036125697 | F260: =estuary_data!W259*weights!$C$4 -> 0.020240282 | G260: =estuary_data!T259*weights!$C$7 -> 0.12948742 | H260: =SUM(B260:G260) -> 0.40489861 | I260: =IF(H260>$L$5/10*9,"1",IF(H260>$L$5/10*8,"2",IF(H260>$L$5/10*7,"3",IF(H260>$L$5/10*6,"4",IF(H260>$L$5/10*5,"5",IF(H260>$L$5/10*4,"6",IF(H260>$L$5/10*3,"7",IF(H260>$L$5/10*2,"8",IF(H260>$L$5/10,"9","10"))))))))) -> 4
A261: 260 | B261: =estuary_data!U260*weights!$C$2 -> 0.090010912 | C261: =estuary_data!R260*weights!$C$5 -> 0.12186487 | D261: =estuary_data!V260*weights!$C$3 -> 0.013590925 | E261: =estuary_data!S260*weights!$C$6 -> 0.012844542 | F261: =estuary_data!W260*weights!$C$4 -> 0.042140579 | G261: =estuary_data!T260*weights!$C$7 -> 0.091702972 | H261: =SUM(B261:G261) -> 0.3721548 | I261: =IF(H261>$L$5/10*9,"1",IF(H261>$L$5/10*8,"2",IF(H261>$L$5/10*7,"3",IF(H261>$L$5/10*6,"4",IF(H261>$L$5/10*5,"5",IF(H261>$L$5/10*4,"6",IF(H261>$L$5/10*3,"7",IF(H261>$L$5/10*2,"8",IF(H261>$L$5/10,"9","10"))))))))) -> 5
A262: 261 | B262: =estuary_data!U261*weights!$C$2 -> 0.10242163 | C262: =estuary_data!R261*weights!$C$5 -> 0.12110957 | D262: =estuary_data!V261*weights!$C$3 -> 0.013967998 | E262: =estuary_data!S261*weights!$C$6 -> 0.012851606 | F262: =estuary_data!W261*weights!$C$4 -> 0.0410881 | G262: =estuary_data!T261*weights!$C$7 -> 0.091494636 | H262: =SUM(B262:G262) -> 0.38293354 | I262: =IF(H262>$L$5/10*9,"1",IF(H262>$L$5/10*8,"2",IF(H262>$L$5/10*7,"3",IF(H262>$L$5/10*6,"4",IF(H262>$L$5/10*5,"5",IF(H262>$L$5/10*4,"6",IF(H262>$L$5/10*3,"7",IF(H262>$L$5/10*2,"8",IF(H262>$L$5/10,"9","10"))))))))) -> 5
A263: 262 | B263: =estuary_data!U262*weights!$C$2 -> 0.092795373 | C263: =estuary_data!R262*weights!$C$5 -> 0.12112264 | D263: =estuary_data!V262*weights!$C$3 -> 0.012690945 | E263: =estuary_data!S262*weights!$C$6 -> 0.012748534 | F263: =estuary_data!W262*weights!$C$4 -> 0.032906383 | G263: =estuary_data!T262*weights!$C$7 -> 0.090979318 | H263: =SUM(B263:G263) -> 0.36324319 | I263: =IF(H263>$L$5/10*9,"1",IF(H263>$L$5/10*8,"2",IF(H263>$L$5/10*7,"3",IF(H263>$L$5/10*6,"4",IF(H263>$L$5/10*5,"5",IF(H263>$L$5/10*4,"6",IF(H263>$L$5/10*3,"7",IF(H263>$L$5/10*2,"8",IF(H263>$L$5/10,"9","10"))))))))) -> 5
A264: 263 | B264: =estuary_data!U263*weights!$C$2 -> 0.092889127 | C264: =estuary_data!R263*weights!$C$5 -> 0.12044864 | D264: =estuary_data!V263*weights!$C$3 -> 0.011196533 | E264: =estuary_data!S263*weights!$C$6 -> 0.015322239 | F264: =estuary_data!W263*weights!$C$4 -> 0.026129213 | G264: =estuary_data!T263*weights!$C$7 -> 0.094768044 | H264: =SUM(B264:G264) -> 0.3607538 | I264: =IF(H264>$L$5/10*9,"1",IF(H264>$L$5/10*8,"2",IF(H264>$L$5/10*7,"3",IF(H264>$L$5/10*6,"4",IF(H264>$L$5/10*5,"5",IF(H264>$L$5/10*4,"6",IF(H264>$L$5/10*3,"7",IF(H264>$L$5/10*2,"8",IF(H264>$L$5/10,"9","10"))))))))) -> 5
A265: 264 | B265: =estuary_data!U264*weights!$C$2 -> 0.092280165 | C265: =estuary_data!R264*weights!$C$5 -> 0.12313768 | D265: =estuary_data!V264*weights!$C$3 -> 0.014644055 | E265: =estuary_data!S264*weights!$C$6 -> 0.0077337502 | F265: =estuary_data!W264*weights!$C$4 -> 0.038571146 | G265: =estuary_data!T264*weights!$C$7 -> 0.082524416 | H265: =SUM(B265:G265) -> 0.35889122 | I265: =IF(H265>$L$5/10*9,"1",IF(H265>$L$5/10*8,"2",IF(H265>$L$5/10*7,"3",IF(H265>$L$5/10*6,"4",IF(H265>$L$5/10*5,"5",IF(H265>$L$5/10*4,"6",IF(H265>$L$5/10*3,"7",IF(H265>$L$5/10*2,"8",IF(H265>$L$5/10,"9","10"))))))))) -> 5
A266: 265 | B266: =estuary_data!U265*weights!$C$2 -> 0.096211912 | C266: =estuary_data!R265*weights!$C$5 -> 0.12236175 | D266: =estuary_data!V265*weights!$C$3 -> 0.016903794 | E266: =estuary_data!S265*weights!$C$6 -> 0.0020422111 | F266: =estuary_data!W265*weights!$C$4 -> 0.062603361 | G266: =estuary_data!T265*weights!$C$7 -> 0.07236296 | H266: =SUM(B266:G266) -> 0.37248599 | I266: =IF(H266>$L$5/10*9,"1",IF(H266>$L$5/10*8,"2",IF(H266>$L$5/10*7,"3",IF(H266>$L$5/10*6,"4",IF(H266>$L$5/10*5,"5",IF(H266>$L$5/10*4,"6",IF(H266>$L$5/10*3,"7",IF(H266>$L$5/10*2,"8",IF(H266>$L$5/10,"9","10"))))))))) -> 5
... A367: 366 | B367: =estuary_data!U366*weights!$C$2 -> 0.07696809 | C367: =estuary_data!R366*weights!$C$5 -> 0.094569407 | D367: =estuary_data!V366*weights!$C$3 -> 0.021578982 | E367: =estuary_data!S366*weights!$C$6 -> 0.0065822999 | F367: =estuary_data!W366*weights!$C$4 -> 0.10157 | G367: =estuary_data!T366*weights!$C$7 -> 0.057078193 | H367: =SUM(B367:G367) -> 0.35834697 | I367: =IF(H367>$L$5/10*9,"1",IF(H367>$L$5/10*8,"2",IF(H367>$L$5/10*7,"3",IF(H367>$L$5/10*6,"4",IF(H367>$L$5/10*5,"5",IF(H367>$L$5/10*4,"6",IF(H367>$L$5/10*3,"7",IF(H367>$L$5/10*2,"8",IF(H367>$L$5/10,"9","10"))))))))) -> 5
A368: 367 | B368: =estuary_data!U749*weights!$C$2 -> 0.021715178 | C368: =estuary_data!R749*weights!$C$5 -> 0.091937961 | D368: =estuary_data!V749*weights!$C$3 -> 0.031778184 | E368: =estuary_data!S749*weights!$C$6 -> 0.047654447 | F368: =estuary_data!W749*weights!$C$4 -> 0.14384162 | G368: =estuary_data!T749*weights!$C$7 -> 0.067027732 | H368: =SUM(B368:G368) -> 0.40395512 | I368: =IF(H368>$L$5/10*9,"1",IF(H368>$L$5/10*8,"2",IF(H368>$L$5/10*7,"3",IF(H368>$L$5/10*6,"4",IF(H368>$L$5/10*5,"5",IF(H368>$L$5/10*4,"6",IF(H368>$L$5/10*3,"7",IF(H368>$L$5/10*2,"8",IF(H368>$L$5/10,"9","10"))))))))) -> 4
A369: 368 | B369: =estuary_data!U367*weights!$C$2 -> 0.084478793 | C369: =estuary_data!R367*weights!$C$5 -> 0.09134106 | D369: =estuary_data!V367*weights!$C$3 -> 0.047299716 | E369: =estuary_data!S367*weights!$C$6 -> 0.0053803067 | F369: =estuary_data!W367*weights!$C$4 -> 0.21928136 | G369: =estuary_data!T367*weights!$C$7 -> 0.053810432 | H369: =SUM(B369:G369) -> 0.50159167 | I369: =IF(H369>$L$5/10*9,"1",IF(H369>$L$5/10*8,"2",IF(H369>$L$5/10*7,"3",IF(H369>$L$5/10*6,"4",IF(H369>$L$5/10*5,"5",IF(H369>$L$5/10*4,"6",IF(H369>$L$5/10*3,"7",IF(H369>$L$5/10*2,"8",IF(H369>$L$5/10,"9","10"))))))))) -> 3
A370: 369 | B370: =estuary_data!U368*weights!$C$2 -> #VALUE! | C370: =estuary_data!R368*weights!$C$5 -> #VALUE! | D370: =estuary_data!V368*weights!$C$3 -> #VALUE! | E370: =estuary_data!S368*weights!$C$6 -> #VALUE! | F370: =estuary_data!W368*weights!$C$4 -> #VALUE! | G370: =estuary_data!T368*weights!$C$7 -> #VALUE! | H370: =SUM(B370:G370) -> #VALUE! | I370: =IF(H370>$L$5/10*9,"1",IF(H370>$L$5/10*8,"2",IF(H370>$L$5/10*7,"3",IF(H370>$L$5/10*6,"4",IF(H370>$L$5/10*5,"5",IF(H370>$L$5/10*4,"6",IF(H370>$L$5/10*3,"7",IF(H370>$L$5/10*2,"8",IF(H370>$L$5/10,"9","10"))))))))) -> #VALUE!
A371: 370 | B371: =estuary_data!U369*weights!$C$2 -> 0.074952733 | C371: =estuary_data!R369*weights!$C$5 -> 0.094587293 | D371: =estuary_data!V369*weights!$C$3 -> 0.01785702 | E371: =estuary_data!S369*weights!$C$6 -> 0.0077351151 | F371: =estuary_data!W369*weights!$C$4 -> 0.083789397 | G371: =estuary_data!T369*weights!$C$7 -> 0.05703061 | H371: =SUM(B371:G371) -> 0.33595217 | I371: =IF(H371>$L$5/10*9,"1",IF(H371>$L$5/10*8,"2",IF(H371>$L$5/10*7,"3",IF(H371>$L$5/10*6,"4",IF(H371>$L$5/10*5,"5",IF(H371>$L$5/10*4,"6",IF(H371>$L$5/10*3,"7",IF(H371>$L$5/10*2,"8",IF(H371>$L$5/10,"9","10"))))))))) -> 5
A372: 371 | B372: =estuary_data!U370*weights!$C$2 -> 0.077421728 | C372: =estuary_data!R370*weights!$C$5 -> 0.084565589 | D372: =estuary_data!V370*weights!$C$3 -> 0.039928177 | E372: =estuary_data!S370*weights!$C$6 -> 0.017278639 | F372: =estuary_data!W370*weights!$C$4 -> 0.17820316 | G372: =estuary_data!T370*weights!$C$7 -> 0.071386692 | H372: =SUM(B372:G372) -> 0.46878398 | I372: =IF(H372>$L$5/10*9,"1",IF(H372>$L$5/10*8,"2",IF(H372>$L$5/10*7,"3",IF(H372>$L$5/10*6,"4",IF(H372>$L$5/10*5,"5",IF(H372>$L$5/10*4,"6",IF(H372>$L$5/10*3,"7",IF(H372>$L$5/10*2,"8",IF(H372>$L$5/10,"9","10"))))))))) -> 3
A373: 372 | B373: =estuary_data!U371*weights!$C$2 -> 0.084206758 | C373: =estuary_data!R371*weights!$C$5 -> 0.093338487 | D373: =estuary_data!V371*weights!$C$3 -> 0.021879312 | E373: =estuary_data!S371*weights!$C$6 -> 0.0051877418 | F373: =estuary_data!W371*weights!$C$4 -> 0.10409075 | G373: =estuary_data!T371*weights!$C$7 -> 0.052600625 | H373: =SUM(B373:G373) -> 0.36130368 | I373: =IF(H373>$L$5/10*9,"1",IF(H373>$L$5/10*8,"2",IF(H373>$L$5/10*7,"3",IF(H373>$L$5/10*6,"4",IF(H373>$L$5/10*5,"5",IF(H373>$L$5/10*4,"6",IF(H373>$L$5/10*3,"7",IF(H373>$L$5/10*2,"8",IF(H373>$L$5/10,"9","10"))))))))) -> 5
A374: 373 | B374: =estuary_data!U372*weights!$C$2 -> 0.076789417 | C374: =estuary_data!R372*weights!$C$5 -> 0.092032404 | D374: =estuary_data!V372*weights!$C$3 -> 0.023987379 | E374: =estuary_data!S372*weights!$C$6 -> 0.0050013584 | F374: =estuary_data!W372*weights!$C$4 -> 0.10404841 | G374: =estuary_data!T372*weights!$C$7 -> 0.051593755 | H374: =SUM(B374:G374) -> 0.35345272 | I374: =IF(H374>$L$5/10*9,"1",IF(H374>$L$5/10*8,"2",IF(H374>$L$5/10*7,"3",IF(H374>$L$5/10*6,"4",IF(H374>$L$5/10*5,"5",IF(H374>$L$5/10*4,"6",IF(H374>$L$5/10*3,"7",IF(H374>$L$5/10*2,"8",IF(H374>$L$5/10,"9","10"))))))))) -> 5
A375: 374 | B375: =estuary_data!U373*weights!$C$2 -> 0.090585957 | C375: =estuary_data!R373*weights!$C$5 -> 0.089082641 | D375: =estuary_data!V373*weights!$C$3 -> 0.029084621 | E375: =estuary_data!S373*weights!$C$6 -> 0.011340466 | F375: =estuary_data!W373*weights!$C$4 -> 0.13652228 | G375: =estuary_data!T373*weights!$C$7 -> 0.061455685 | H375: =SUM(B375:G375) -> 0.41807165 | I375: =IF(H375>$L$5/10*9,"1",IF(H375>$L$5/10*8,"2",IF(H375>$L$5/10*7,"3",IF(H375>$L$5/10*6,"4",IF(H375>$L$5/10*5,"5",IF(H375>$L$5/10*4,"6",IF(H375>$L$5/10*3,"7",IF(H375>$L$5/10*2,"8",IF(H375>$L$5/10,"9","10"))))))))) -> 4
A376: 375 | B376: =estuary_data!U374*weights!$C$2 -> 0.083397567 | C376: =estuary_data!R374*weights!$C$5 -> 0.088824611 | D376: =estuary_data!V374*weights!$C$3 -> 0.028687077 | E376: =estuary_data!S374*weights!$C$6 -> 0.011073582 | F376: =estuary_data!W374*weights!$C$4 -> 0.12800223 | G376: =estuary_data!T374*weights!$C$7 -> 0.060935228 | H376: =SUM(B376:G376) -> 0.4009203 | I376: =IF(H376>$L$5/10*9,"1",IF(H376>$L$5/10*8,"2",IF(H376>$L$5/10*7,"3",IF(H376>$L$5/10*6,"4",IF(H376>$L$5/10*5,"5",IF(H376>$L$5/10*4,"6",IF(H376>$L$5/10*3,"7",IF(H376>$L$5/10*2,"8",IF(H376>$L$5/10,"9","10"))))))))) -> 4
A377: 376 | B377: =estuary_data!U375*weights!$C$2 -> 0.075937546 | C377: =estuary_data!R375*weights!$C$5 -> 0.092715306 | D377: =estuary_data!V375*weights!$C$3 -> 0.02161595 | E377: =estuary_data!S375*weights!$C$6 -> 0.0080261244 | F377: =estuary_data!W375*weights!$C$4 -> 0.095008371 | G377: =estuary_data!T375*weights!$C$7 -> 0.056455508 | H377: =SUM(B377:G377) -> 0.34975881 | I377: =IF(H377>$L$5/10*9,"1",IF(H377>$L$5/10*8,"2",IF(H377>$L$5/10*7,"3",IF(H377>$L$5/10*6,"4",IF(H377>$L$5/10*5,"5",IF(H377>$L$5/10*4,"6",IF(H377>$L$5/10*3,"7",IF(H377>$L$5/10*2,"8",IF(H377>$L$5/10,"9","10"))))))))) -> 5
A378: 377 | B378: =estuary_data!U376*weights!$C$2 -> 0.076916245 | C378: =estuary_data!R376*weights!$C$5 -> 0.092597705 | D378: =estuary_data!V376*weights!$C$3 -> 0.020326777 | E378: =estuary_data!S376*weights!$C$6 -> 0.0018550712 | F378: =estuary_data!W376*weights!$C$4 -> 0.091525367 | G378: =estuary_data!T376*weights!$C$7 -> 0.046117921 | H378: =SUM(B378:G378) -> 0.32933909 | I378: =IF(H378>$L$5/10*9,"1",IF(H378>$L$5/10*8,"2",IF(H378>$L$5/10*7,"3",IF(H378>$L$5/10*6,"4",IF(H378>$L$5/10*5,"5",IF(H378>$L$5/10*4,"6",IF(H378>$L$5/10*3,"7",IF(H378>$L$5/10*2,"8",IF(H378>$L$5/10,"9","10"))))))))) -> 6
A379: 378 | B379: =estuary_data!U377*weights!$C$2 -> 0.082110541 | C379: =estuary_data!R377*weights!$C$5 -> 0.093206617 | D379: =estuary_data!V377*weights!$C$3 -> 0.02494458 | E379: =estuary_data!S377*weights!$C$6 -> 0.0031735415 | F379: =estuary_data!W377*weights!$C$4 -> 0.098260909 | G379: =estuary_data!T377*weights!$C$7 -> 0.048405269 | H379: =SUM(B379:G379) -> 0.35010146 | I379: =IF(H379>$L$5/10*9,"1",IF(H379>$L$5/10*8,"2",IF(H379>$L$5/10*7,"3",IF(H379>$L$5/10*6,"4",IF(H379>$L$5/10*5,"5",IF(H379>$L$5/10*4,"6",IF(H379>$L$5/10*3,"7",IF(H379>$L$5/10*2,"8",IF(H379>$L$5/10,"9","10"))))))))) -> 5
A380: 379 | B380: =estuary_data!U378*weights!$C$2 -> 0.089004258 | C380: =estuary_data!R378*weights!$C$5 -> 0.090895664 | D380: =estuary_data!V378*weights!$C$3 -> 0.02839238 | E380: =estuary_data!S378*weights!$C$6 -> 0.012776405 | F380: =estuary_data!W378*weights!$C$4 -> 0.12168709 | G380: =estuary_data!T378*weights!$C$7 -> 0.066063737 | H380: =SUM(B380:G380) -> 0.40881954 | I380: =IF(H380>$L$5/10*9,"1",IF(H380>$L$5/10*8,"2",IF(H380>$L$5/10*7,"3",IF(H380>$L$5/10*6,"4",IF(H380>$L$5/10*5,"5",IF(H380>$L$5/10*4,"6",IF(H380>$L$5/10*3,"7",IF(H380>$L$5/10*2,"8",IF(H380>$L$5/10,"9","10"))))))))) -> 4
... A386: 385 | B386: =estuary_data!U384*weights!$C$2 -> 0.079928277 | C386: =estuary_data!R384*weights!$C$5 -> 0.095856672 | D386: =estuary_data!V384*weights!$C$3 -> 0.033369785 | E386: =estuary_data!S384*weights!$C$6 -> 0.00070341532 | F386: =estuary_data!W384*weights!$C$4 -> 0.11749875 | G386: =estuary_data!T384*weights!$C$7 -> 0.045944626 | H386: =SUM(B386:G386) -> 0.37330153 | I386: =IF(H386>$L$5/10*9,"1",IF(H386>$L$5/10*8,"2",IF(H386>$L$5/10*7,"3",IF(H386>$L$5/10*6,"4",IF(H386>$L$5/10*5,"5",IF(H386>$L$5/10*4,"6",IF(H386>$L$5/10*3,"7",IF(H386>$L$5/10*2,"8",IF(H386>$L$5/10,"9","10"))))))))) -> 5
A387: 386 | B387: =estuary_data!U750*weights!$C$2 -> 0.022527211 | C387: =estuary_data!R750*weights!$C$5 -> 0.092376029 | D387: =estuary_data!V750*weights!$C$3 -> 0.03108245 | E387: =estuary_data!S750*weights!$C$6 -> 0.046632048 | F387: =estuary_data!W750*weights!$C$4 -> 0.14722438 | G387: =estuary_data!T750*weights!$C$7 -> 0.064666076 | H387: =SUM(B387:G387) -> 0.40450819 | I387: =IF(H387>$L$5/10*9,"1",IF(H387>$L$5/10*8,"2",IF(H387>$L$5/10*7,"3",IF(H387>$L$5/10*6,"4",IF(H387>$L$5/10*5,"5",IF(H387>$L$5/10*4,"6",IF(H387>$L$5/10*3,"7",IF(H387>$L$5/10*2,"8",IF(H387>$L$5/10,"9","10"))))))))) -> 4
A388: 387 | B388: =estuary_data!U385*weights!$C$2 -> 0.085075062 | C388: =estuary_data!R385*weights!$C$5 -> 0.099581984 | D388: =estuary_data!V385*weights!$C$3 -> 0.03724944 | E388: =estuary_data!S385*weights!$C$6 -> 0.0025500801 | F388: =estuary_data!W385*weights!$C$4 -> 0.12945825 | G388: =estuary_data!T385*weights!$C$7 -> 0.052916363 | H388: =SUM(B388:G388) -> 0.40683118 | I388: =IF(H388>$L$5/10*9,"1",IF(H388>$L$5/10*8,"2",IF(H388>$L$5/10*7,"3",IF(H388>$L$5/10*6,"4",IF(H388>$L$5/10*5,"5",IF(H388>$L$5/10*4,"6",IF(H388>$L$5/10*3,"7",IF(H388>$L$5/10*2,"8",IF(H388>$L$5/10,"9","10"))))))))) -> 4
A389: 388 | B389: =estuary_data!U386*weights!$C$2 -> 0.08175121 | C389: =estuary_data!R386*weights!$C$5 -> 0.099952472 | D389: =estuary_data!V386*weights!$C$3 -> 0.036416172 | E389: =estuary_data!S386*weights!$C$6 -> 0.00037323032 | F389: =estuary_data!W386*weights!$C$4 -> 0.12826599 | G389: =estuary_data!T386*weights!$C$7 -> 0.048920833 | H389: =SUM(B389:G389) -> 0.39567991 | I389: =IF(H389>$L$5/10*9,"1",IF(H389>$L$5/10*8,"2",IF(H389>$L$5/10*7,"3",IF(H389>$L$5/10*6,"4",IF(H389>$L$5/10*5,"5",IF(H389>$L$5/10*4,"6",IF(H389>$L$5/10*3,"7",IF(H389>$L$5/10*2,"8",IF(H389>$L$5/10,"9","10"))))))))) -> 5
A390: 389 | B390: =estuary_data!U387*weights!$C$2 -> #VALUE! | C390: =estuary_data!R387*weights!$C$5 -> #VALUE! | D390: =estuary_data!V387*weights!$C$3 -> #VALUE! | E390: =estuary_data!S387*weights!$C$6 -> #VALUE! | F390: =estuary_data!W387*weights!$C$4 -> #VALUE! | G390: =estuary_data!T387*weights!$C$7 -> #VALUE! | H390: =SUM(B390:G390) -> #VALUE! | I390: =IF(H390>$L$5/10*9,"1",IF(H390>$L$5/10*8,"2",IF(H390>$L$5/10*7,"3",IF(H390>$L$5/10*6,"4",IF(H390>$L$5/10*5,"5",IF(H390>$L$5/10*4,"6",IF(H390>$L$5/10*3,"7",IF(H390>$L$5/10*2,"8",IF(H390>$L$5/10,"9","10"))))))))) -> #VALUE!
A391: 390 | B391: =estuary_data!U388*weights!$C$2 -> 0.06589987 | C391: =estuary_data!R388*weights!$C$5 -> 0.0881613 | D391: =estuary_data!V388*weights!$C$3 -> 0.029850748 | E391: =estuary_data!S388*weights!$C$6 -> 0.0087717703 | F391: =estuary_data!W388*weights!$C$4 -> 0.097022595 | G391: =estuary_data!T388*weights!$C$7 -> 0.022027681 | H391: =SUM(B391:G391) -> 0.31173396 | I391: =IF(H391>$L$5/10*9,"1",IF(H391>$L$5/10*8,"2",IF(H391>$L$5/10*7,"3",IF(H391>$L$5/10*6,"4",IF(H391>$L$5/10*5,"5",IF(H391>$L$5/10*4,"6",IF(H391>$L$5/10*3,"7",IF(H391>$L$5/10*2,"8",IF(H391>$L$5/10,"9","10"))))))))) -> 6
A392: 391 | B392: =estuary_data!U389*weights!$C$2 -> 0.065709507 | C392: =estuary_data!R389*weights!$C$5 -> 0.089614805 | D392: =estuary_data!V389*weights!$C$3 -> 0.029606558 | E392: =estuary_data!S389*weights!$C$6 -> 0.0085740133 | F392: =estuary_data!W389*weights!$C$4 -> 0.097035345 | G392: =estuary_data!T389*weights!$C$7 -> 0.023141024 | H392: =SUM(B392:G392) -> 0.31368125 | I392: =IF(H392>$L$5/10*9,"1",IF(H392>$L$5/10*8,"2",IF(H392>$L$5/10*7,"3",IF(H392>$L$5/10*6,"4",IF(H392>$L$5/10*5,"5",IF(H392>$L$5/10*4,"6",IF(H392>$L$5/10*3,"7",IF(H392>$L$5/10*2,"8",IF(H392>$L$5/10,"9","10"))))))))) -> 6
A393: 392 | B393: =estuary_data!U390*weights!$C$2 -> 0.070483096 | C393: =estuary_data!R390*weights!$C$5 -> 0.086681457 | D393: =estuary_data!V390*weights!$C$3 -> 0.03024923 | E393: =estuary_data!S390*weights!$C$6 -> 0.011161815 | F393: =estuary_data!W390*weights!$C$4 -> 0.094745526 | G393: =estuary_data!T390*weights!$C$7 -> 0.015707653 | H393: =SUM(B393:G393) -> 0.30902878 | I393: =IF(H393>$L$5/10*9,"1",IF(H393>$L$5/10*8,"2",IF(H393>$L$5/10*7,"3",IF(H393>$L$5/10*6,"4",IF(H393>$L$5/10*5,"5",IF(H393>$L$5/10*4,"6",IF(H393>$L$5/10*3,"7",IF(H393>$L$5/10*2,"8",IF(H393>$L$5/10,"9","10"))))))))) -> 6
A394: 393 | B394: =estuary_data!U391*weights!$C$2 -> 0.067346461 | C394: =estuary_data!R391*weights!$C$5 -> 0.08580256 | D394: =estuary_data!V391*weights!$C$3 -> 0.029517744 | E394: =estuary_data!S391*weights!$C$6 -> 0.010334668 | F394: =estuary_data!W391*weights!$C$4 -> 0.092828336 | G394: =estuary_data!T391*weights!$C$7 -> 0.016413977 | H394: =SUM(B394:G394) -> 0.30224375 | I394: =IF(H394>$L$5/10*9,"1",IF(H394>$L$5/10*8,"2",IF(H394>$L$5/10*7,"3",IF(H394>$L$5/10*6,"4",IF(H394>$L$5/10*5,"5",IF(H394>$L$5/10*4,"6",IF(H394>$L$5/10*3,"7",IF(H394>$L$5/10*2,"8",IF(H394>$L$5/10,"9","10"))))))))) -> 6
A395: 394 | B395: =estuary_data!U392*weights!$C$2 -> 0.054025921 | C395: =estuary_data!R392*weights!$C$5 -> 0.069576367 | D395: =estuary_data!V392*weights!$C$3 -> 0.041086814 | E395: =estuary_data!S392*weights!$C$6 -> 0.031065618 | F395: =estuary_data!W392*weights!$C$4 -> 0.14793822 | G395: =estuary_data!T392*weights!$C$7 -> 0.019148241 | H395: =SUM(B395:G395) -> 0.36284118 | I395: =IF(H395>$L$5/10*9,"1",IF(H395>$L$5/10*8,"2",IF(H395>$L$5/10*7,"3",IF(H395>$L$5/10*6,"4",IF(H395>$L$5/10*5,"5",IF(H395>$L$5/10*4,"6",IF(H395>$L$5/10*3,"7",IF(H395>$L$5/10*2,"8",IF(H395>$L$5/10,"9","10"))))))))) -> 5
A396: 395 | B396: =estuary_data!U393*weights!$C$2 -> 0.094181362 | C396: =estuary_data!R393*weights!$C$5 -> 0.098586594 | D396: =estuary_data!V393*weights!$C$3 -> 0.035861095 | E396: =estuary_data!S393*weights!$C$6 -> 0.0073722874 | F396: =estuary_data!W393*weights!$C$4 -> 0.13406647 | G396: =estuary_data!T393*weights!$C$7 -> 0.063096375 | H396: =SUM(B396:G396) -> 0.43316418 | I396: =IF(H396>$L$5/10*9,"1",IF(H396>$L$5/10*8,"2",IF(H396>$L$5/10*7,"3",IF(H396>$L$5/10*6,"4",IF(H396>$L$5/10*5,"5",IF(H396>$L$5/10*4,"6",IF(H396>$L$5/10*3,"7",IF(H396>$L$5/10*2,"8",IF(H396>$L$5/10,"9","10"))))))))) -> 4
A397: 396 | B397: =estuary_data!U394*weights!$C$2 -> 0.075429631 | C397: =estuary_data!R394*weights!$C$5 -> 0.1039854 | D397: =estuary_data!V394*weights!$C$3 -> 0.034210674 | E397: =estuary_data!S394*weights!$C$6 -> 0.0023030859 | F397: =estuary_data!W394*weights!$C$4 -> 0.12109591 | G397: =estuary_data!T394*weights!$C$7 -> 0.045692435 | H397: =SUM(B397:G397) -> 0.38271713 | I397: =IF(H397>$L$5/10*9,"1",IF(H397>$L$5/10*8,"2",IF(H397>$L$5/10*7,"3",IF(H397>$L$5/10*6,"4",IF(H397>$L$5/10*5,"5",IF(H397>$L$5/10*4,"6",IF(H397>$L$5/10*3,"7",IF(H397>$L$5/10*2,"8",IF(H397>$L$5/10,"9","10"))))))))) -> 5
A398: 397 | B398: =estuary_data!U395*weights!$C$2 -> 0.082075512 | C398: =estuary_data!R395*weights!$C$5 -> 0.10546696 | D398: =estuary_data!V395*weights!$C$3 -> 0.034460356 | E398: =estuary_data!S395*weights!$C$6 -> 0.0054729129 | F398: =estuary_data!W395*weights!$C$4 -> 0.12255136 | G398: =estuary_data!T395*weights!$C$7 -> 0.041426238 | H398: =SUM(B398:G398) -> 0.39145334 | I398: =IF(H398>$L$5/10*9,"1",IF(H398>$L$5/10*8,"2",IF(H398>$L$5/10*7,"3",IF(H398>$L$5/10*6,"4",IF(H398>$L$5/10*5,"5",IF(H398>$L$5/10*4,"6",IF(H398>$L$5/10*3,"7",IF(H398>$L$5/10*2,"8",IF(H398>$L$5/10,"9","10"))))))))) -> 5
A399: 398 | B399: =estuary_data!U396*weights!$C$2 -> 0.085572413 | C399: =estuary_data!R396*weights!$C$5 -> 0.10911037 | D399: =estuary_data!V396*weights!$C$3 -> 0.040290985 | E399: =estuary_data!S396*weights!$C$6 -> 0.002993886 | F399: =estuary_data!W396*weights!$C$4 -> 0.14348477 | G399: =estuary_data!T396*weights!$C$7 -> 0.048571617 | H399: =SUM(B399:G399) -> 0.43002404 | I399: =IF(H399>$L$5/10*9,"1",IF(H399>$L$5/10*8,"2",IF(H399>$L$5/10*7,"3",IF(H399>$L$5/10*6,"4",IF(H399>$L$5/10*5,"5",IF(H399>$L$5/10*4,"6",IF(H399>$L$5/10*3,"7",IF(H399>$L$5/10*2,"8",IF(H399>$L$5/10,"9","10"))))))))) -> 4
... A419: 418 | B419: =estuary_data!U416*weights!$C$2 -> 0.066227313 | C419: =estuary_data!R416*weights!$C$5 -> 0.089499111 | D419: =estuary_data!V416*weights!$C$3 -> 0.0307267 | E419: =estuary_data!S416*weights!$C$6 -> 0.035947185 | F419: =estuary_data!W416*weights!$C$4 -> 0.11225214 | G419: =estuary_data!T416*weights!$C$7 -> 0.021316988 | H419: =SUM(B419:G419) -> 0.35596944 | I419: =IF(H419>$L$5/10*9,"1",IF(H419>$L$5/10*8,"2",IF(H419>$L$5/10*7,"3",IF(H419>$L$5/10*6,"4",IF(H419>$L$5/10*5,"5",IF(H419>$L$5/10*4,"6",IF(H419>$L$5/10*3,"7",IF(H419>$L$5/10*2,"8",IF(H419>$L$5/10,"9","10"))))))))) -> 5
A420: 419 | B420: =estuary_data!U751*weights!$C$2 -> 0.02287052 | C420: =estuary_data!R751*weights!$C$5 -> 0.093044899 | D420: =estuary_data!V751*weights!$C$3 -> 0.032789492 | E420: =estuary_data!S751*weights!$C$6 -> 0.045248413 | F420: =estuary_data!W751*weights!$C$4 -> 0.15329843 | G420: =estuary_data!T751*weights!$C$7 -> 0.061472623 | H420: =SUM(B420:G420) -> 0.40872437 | I420: =IF(H420>$L$5/10*9,"1",IF(H420>$L$5/10*8,"2",IF(H420>$L$5/10*7,"3",IF(H420>$L$5/10*6,"4",IF(H420>$L$5/10*5,"5",IF(H420>$L$5/10*4,"6",IF(H420>$L$5/10*3,"7",IF(H420>$L$5/10*2,"8",IF(H420>$L$5/10,"9","10"))))))))) -> 4
A421: 420 | B421: =estuary_data!U417*weights!$C$2 -> 0.046548291 | C421: =estuary_data!R417*weights!$C$5 -> 0.085098363 | D421: =estuary_data!V417*weights!$C$3 -> 0.032229911 | E421: =estuary_data!S417*weights!$C$6 -> 0.029269635 | F421: =estuary_data!W417*weights!$C$4 -> 0.1083973 | G421: =estuary_data!T417*weights!$C$7 -> 0.011948334 | H421: =SUM(B421:G421) -> 0.31349183 | I421: =IF(H421>$L$5/10*9,"1",IF(H421>$L$5/10*8,"2",IF(H421>$L$5/10*7,"3",IF(H421>$L$5/10*6,"4",IF(H421>$L$5/10*5,"5",IF(H421>$L$5/10*4,"6",IF(H421>$L$5/10*3,"7",IF(H421>$L$5/10*2,"8",IF(H421>$L$5/10,"9","10"))))))))) -> 6
A422: 421 | B422: =estuary_data!U418*weights!$C$2 -> 0.050841149 | C422: =estuary_data!R418*weights!$C$5 -> 0.085899404 | D422: =estuary_data!V418*weights!$C$3 -> 0.031134431 | E422: =estuary_data!S418*weights!$C$6 -> 0.032060414 | F422: =estuary_data!W418*weights!$C$4 -> 0.10526817 | G422: =estuary_data!T418*weights!$C$7 -> 0.016833552 | H422: =SUM(B422:G422) -> 0.32203712 | I422: =IF(H422>$L$5/10*9,"1",IF(H422>$L$5/10*8,"2",IF(H422>$L$5/10*7,"3",IF(H422>$L$5/10*6,"4",IF(H422>$L$5/10*5,"5",IF(H422>$L$5/10*4,"6",IF(H422>$L$5/10*3,"7",IF(H422>$L$5/10*2,"8",IF(H422>$L$5/10,"9","10"))))))))) -> 6
A423: 422 | B423: =estuary_data!U752*weights!$C$2 -> 0.024124923 | C423: =estuary_data!R752*weights!$C$5 -> 0.093859964 | D423: =estuary_data!V752*weights!$C$3 -> 0.030235365 | E423: =estuary_data!S752*weights!$C$6 -> 0.043354882 | F423: =estuary_data!W752*weights!$C$4 -> 0.15289835 | G423: =estuary_data!T752*weights!$C$7 -> 0.057132405 | H423: =SUM(B423:G423) -> 0.40160589 | I423: =IF(H423>$L$5/10*9,"1",IF(H423>$L$5/10*8,"2",IF(H423>$L$5/10*7,"3",IF(H423>$L$5/10*6,"4",IF(H423>$L$5/10*5,"5",IF(H423>$L$5/10*4,"6",IF(H423>$L$5/10*3,"7",IF(H423>$L$5/10*2,"8",IF(H423>$L$5/10,"9","10"))))))))) -> 4
A424: 423 | B424: =estuary_data!U419*weights!$C$2 -> 0.048523218 | C424: =estuary_data!R419*weights!$C$5 -> 0.081597621 | D424: =estuary_data!V419*weights!$C$3 -> 0.034678228 | E424: =estuary_data!S419*weights!$C$6 -> 0.02882322 | F424: =estuary_data!W419*weights!$C$4 -> 0.11875111 | G424: =estuary_data!T419*weights!$C$7 -> 0.0095443241 | H424: =SUM(B424:G424) -> 0.32191772 | I424: =IF(H424>$L$5/10*9,"1",IF(H424>$L$5/10*8,"2",IF(H424>$L$5/10*7,"3",IF(H424>$L$5/10*6,"4",IF(H424>$L$5/10*5,"5",IF(H424>$L$5/10*4,"6",IF(H424>$L$5/10*3,"7",IF(H424>$L$5/10*2,"8",IF(H424>$L$5/10,"9","10"))))))))) -> 6
A425: 424 | B425: =estuary_data!U753*weights!$C$2 -> 0.024546835 | C425: =estuary_data!R753*weights!$C$5 -> 0.09655996 | D425: =estuary_data!V753*weights!$C$3 -> 0.028619082 | E425: =estuary_data!S753*weights!$C$6 -> 0.037219421 | F425: =estuary_data!W753*weights!$C$4 -> 0.14926562 | G425: =estuary_data!T753*weights!$C$7 -> 0.04361806 | H425: =SUM(B425:G425) -> 0.37982898 | I425: =IF(H425>$L$5/10*9,"1",IF(H425>$L$5/10*8,"2",IF(H425>$L$5/10*7,"3",IF(H425>$L$5/10*6,"4",IF(H425>$L$5/10*5,"5",IF(H425>$L$5/10*4,"6",IF(H425>$L$5/10*3,"7",IF(H425>$L$5/10*2,"8",IF(H425>$L$5/10,"9","10"))))))))) -> 5
A426: 425 | B426: =estuary_data!U420*weights!$C$2 -> #VALUE! | C426: =estuary_data!R420*weights!$C$5 -> #VALUE! | D426: =estuary_data!V420*weights!$C$3 -> #VALUE! | E426: =estuary_data!S420*weights!$C$6 -> #VALUE! | F426: =estuary_data!W420*weights!$C$4 -> #VALUE! | G426: =estuary_data!T420*weights!$C$7 -> #VALUE! | H426: =SUM(B426:G426) -> #VALUE! | I426: =IF(H426>$L$5/10*9,"1",IF(H426>$L$5/10*8,"2",IF(H426>$L$5/10*7,"3",IF(H426>$L$5/10*6,"4",IF(H426>$L$5/10*5,"5",IF(H426>$L$5/10*4,"6",IF(H426>$L$5/10*3,"7",IF(H426>$L$5/10*2,"8",IF(H426>$L$5/10,"9","10"))))))))) -> #VALUE!
A427: 426 | B427: =estuary_data!U421*weights!$C$2 -> 0.049280989 | C427: =estuary_data!R421*weights!$C$5 -> 0.080267231 | D427: =estuary_data!V421*weights!$C$3 -> 0.032538008 | E427: =estuary_data!S421*weights!$C$6 -> 0.029924975 | F427: =estuary_data!W421*weights!$C$4 -> 0.11665036 | G427: =estuary_data!T421*weights!$C$7 -> 0.013641765 | H427: =SUM(B427:G427) -> 0.32230332 | I427: =IF(H427>$L$5/10*9,"1",IF(H427>$L$5/10*8,"2",IF(H427>$L$5/10*7,"3",IF(H427>$L$5/10*6,"4",IF(H427>$L$5/10*5,"5",IF(H427>$L$5/10*4,"6",IF(H427>$L$5/10*3,"7",IF(H427>$L$5/10*2,"8",IF(H427>$L$5/10,"9","10"))))))))) -> 6
A428: 427 | B428: =estuary_data!U422*weights!$C$2 -> 0.055360201 | C428: =estuary_data!R422*weights!$C$5 -> 0.079815721 | D428: =estuary_data!V422*weights!$C$3 -> 0.032112273 | E428: =estuary_data!S422*weights!$C$6 -> 0.032549376 | F428: =estuary_data!W422*weights!$C$4 -> 0.11709499 | G428: =estuary_data!T422*weights!$C$7 -> 0.020979528 | H428: =SUM(B428:G428) -> 0.33791209 | I428: =IF(H428>$L$5/10*9,"1",IF(H428>$L$5/10*8,"2",IF(H428>$L$5/10*7,"3",IF(H428>$L$5/10*6,"4",IF(H428>$L$5/10*5,"5",IF(H428>$L$5/10*4,"6",IF(H428>$L$5/10*3,"7",IF(H428>$L$5/10*2,"8",IF(H428>$L$5/10,"9","10"))))))))) -> 5
A429: 428 | B429: =estuary_data!U423*weights!$C$2 -> #VALUE! | C429: =estuary_data!R423*weights!$C$5 -> #VALUE! | D429: =estuary_data!V423*weights!$C$3 -> #VALUE! | E429: =estuary_data!S423*weights!$C$6 -> #VALUE! | F429: =estuary_data!W423*weights!$C$4 -> #VALUE! | G429: =estuary_data!T423*weights!$C$7 -> #VALUE! | H429: =SUM(B429:G429) -> #VALUE! | I429: =IF(H429>$L$5/10*9,"1",IF(H429>$L$5/10*8,"2",IF(H429>$L$5/10*7,"3",IF(H429>$L$5/10*6,"4",IF(H429>$L$5/10*5,"5",IF(H429>$L$5/10*4,"6",IF(H429>$L$5/10*3,"7",IF(H429>$L$5/10*2,"8",IF(H429>$L$5/10,"9","10"))))))))) -> #VALUE!
A430: 429 | B430: =estuary_data!U424*weights!$C$2 -> 0.048762452 | C430: =estuary_data!R424*weights!$C$5 -> 0.080464774 | D430: =estuary_data!V424*weights!$C$3 -> 0.03511948 | E430: =estuary_data!S424*weights!$C$6 -> 0.016995152 | F430: =estuary_data!W424*weights!$C$4 -> 0.12833359 | G430: =estuary_data!T424*weights!$C$7 -> 0.011566114 | H430: =SUM(B430:G430) -> 0.32124157 | I430: =IF(H430>$L$5/10*9,"1",IF(H430>$L$5/10*8,"2",IF(H430>$L$5/10*7,"3",IF(H430>$L$5/10*6,"4",IF(H430>$L$5/10*5,"5",IF(H430>$L$5/10*4,"6",IF(H430>$L$5/10*3,"7",IF(H430>$L$5/10*2,"8",IF(H430>$L$5/10,"9","10"))))))))) -> 6
A431: 430 | B431: =estuary_data!U425*weights!$C$2 -> #VALUE! | C431: =estuary_data!R425*weights!$C$5 -> #VALUE! | D431: =estuary_data!V425*weights!$C$3 -> #VALUE! | E431: =estuary_data!S425*weights!$C$6 -> #VALUE! | F431: =estuary_data!W425*weights!$C$4 -> #VALUE! | G431: =estuary_data!T425*weights!$C$7 -> #VALUE! | H431: =SUM(B431:G431) -> #VALUE! | I431: =IF(H431>$L$5/10*9,"1",IF(H431>$L$5/10*8,"2",IF(H431>$L$5/10*7,"3",IF(H431>$L$5/10*6,"4",IF(H431>$L$5/10*5,"5",IF(H431>$L$5/10*4,"6",IF(H431>$L$5/10*3,"7",IF(H431>$L$5/10*2,"8",IF(H431>$L$5/10,"9","10"))))))))) -> #VALUE!
A432: 431 | B432: =estuary_data!U426*weights!$C$2 -> 0.052160027 | C432: =estuary_data!R426*weights!$C$5 -> 0.080436325 | D432: =estuary_data!V426*weights!$C$3 -> 0.032176125 | E432: =estuary_data!S426*weights!$C$6 -> 0.016996797 | F432: =estuary_data!W426*weights!$C$4 -> 0.12276911 | G432: =estuary_data!T426*weights!$C$7 -> 0.010499396 | H432: =SUM(B432:G432) -> 0.31503778 | I432: =IF(H432>$L$5/10*9,"1",IF(H432>$L$5/10*8,"2",IF(H432>$L$5/10*7,"3",IF(H432>$L$5/10*6,"4",IF(H432>$L$5/10*5,"5",IF(H432>$L$5/10*4,"6",IF(H432>$L$5/10*3,"7",IF(H432>$L$5/10*2,"8",IF(H432>$L$5/10,"9","10"))))))))) -> 6
A433: 432 | B433: =estuary_data!U427*weights!$C$2 -> 0.055255539 | C433: =estuary_data!R427*weights!$C$5 -> 0.091763264 | D433: =estuary_data!V427*weights!$C$3 -> 0.032841341 | E433: =estuary_data!S427*weights!$C$6 -> 0.011897272 | F433: =estuary_data!W427*weights!$C$4 -> 0.10842064 | G433: =estuary_data!T427*weights!$C$7 -> 0.029712173 | H433: =SUM(B433:G433) -> 0.32989023 | I433: =IF(H433>$L$5/10*9,"1",IF(H433>$L$5/10*8,"2",IF(H433>$L$5/10*7,"3",IF(H433>$L$5/10*6,"4",IF(H433>$L$5/10*5,"5",IF(H433>$L$5/10*4,"6",IF(H433>$L$5/10*3,"7",IF(H433>$L$5/10*2,"8",IF(H433>$L$5/10,"9","10"))))))))) -> 6
A434: 433 | B434: =estuary_data!U428*weights!$C$2 -> 0.058944344 | C434: =estuary_data!R428*weights!$C$5 -> 0.089755398 | D434: =estuary_data!V428*weights!$C$3 -> 0.032052168 | E434: =estuary_data!S428*weights!$C$6 -> 0.012716239 | F434: =estuary_data!W428*weights!$C$4 -> 0.10985044 | G434: =estuary_data!T428*weights!$C$7 -> 0.026887259 | H434: =SUM(B434:G434) -> 0.33020584 | I434: =IF(H434>$L$5/10*9,"1",IF(H434>$L$5/10*8,"2",IF(H434>$L$5/10*7,"3",IF(H434>$L$5/10*6,"4",IF(H434>$L$5/10*5,"5",IF(H434>$L$5/10*4,"6",IF(H434>$L$5/10*3,"7",IF(H434>$L$5/10*2,"8",IF(H434>$L$5/10,"9","10"))))))))) -> 6
A435: 434 | B435: =estuary_data!U429*weights!$C$2 -> 0.14327009 | C435: =estuary_data!R429*weights!$C$5 -> 0.11433187 | D435: =estuary_data!V429*weights!$C$3 -> 0.0080693688 | E435: =estuary_data!S429*weights!$C$6 -> 0.0069754576 | F435: =estuary_data!W429*weights!$C$4 -> 0.017667557 | G435: =estuary_data!T429*weights!$C$7 -> 0.04711923 | H435: =SUM(B435:G435) -> 0.33743358 | I435: =IF(H435>$L$5/10*9,"1",IF(H435>$L$5/10*8,"2",IF(H435>$L$5/10*7,"3",IF(H435>$L$5/10*6,"4",IF(H435>$L$5/10*5,"5",IF(H435>$L$5/10*4,"6",IF(H435>$L$5/10*3,"7",IF(H435>$L$5/10*2,"8",IF(H435>$L$5/10,"9","10"))))))))) -> 5
A436: 435 | B436: =estuary_data!U430*weights!$C$2 -> 0.14191894 | C436: =estuary_data!R430*weights!$C$5 -> 0.11460503 | D436: =estuary_data!V430*weights!$C$3 -> 0.0087210016 | E436: =estuary_data!S430*weights!$C$6 -> 0.0043674635 | F436: =estuary_data!W430*weights!$C$4 -> 0.018020485 | G436: =estuary_data!T430*weights!$C$7 -> 0.051368977 | H436: =SUM(B436:G436) -> 0.3390019 | I436: =IF(H436>$L$5/10*9,"1",IF(H436>$L$5/10*8,"2",IF(H436>$L$5/10*7,"3",IF(H436>$L$5/10*6,"4",IF(H436>$L$5/10*5,"5",IF(H436>$L$5/10*4,"6",IF(H436>$L$5/10*3,"7",IF(H436>$L$5/10*2,"8",IF(H436>$L$5/10,"9","10"))))))))) -> 5
A437: 436 | B437: =estuary_data!U431*weights!$C$2 -> 0.13586106 | C437: =estuary_data!R431*weights!$C$5 -> 0.11460235 | D437: =estuary_data!V431*weights!$C$3 -> 0.008093549 | E437: =estuary_data!S431*weights!$C$6 -> 0.0026453742 | F437: =estuary_data!W431*weights!$C$4 -> 0.013498346 | G437: =estuary_data!T431*weights!$C$7 -> 0.06827946 | H437: =SUM(B437:G437) -> 0.34298014 | I437: =IF(H437>$L$5/10*9,"1",IF(H437>$L$5/10*8,"2",IF(H437>$L$5/10*7,"3",IF(H437>$L$5/10*6,"4",IF(H437>$L$5/10*5,"5",IF(H437>$L$5/10*4,"6",IF(H437>$L$5/10*3,"7",IF(H437>$L$5/10*2,"8",IF(H437>$L$5/10,"9","10"))))))))) -> 5
... A753: 3030 | B753: =estuary_data!U747*weights!$C$2 -> 0.017786517 | C753: =estuary_data!R747*weights!$C$5 -> 0.089963845 | D753: =estuary_data!V747*weights!$C$3 -> 0.031745013 | E753: =estuary_data!S747*weights!$C$6 -> 0.053070115 | F753: =estuary_data!W747*weights!$C$4 -> 0.13048209 | G753: =estuary_data!T747*weights!$C$7 -> 0.078954029 | H753: =SUM(B753:G753) -> 0.4020016 | I753: =IF(H753>$L$5/10*9,"1",IF(H753>$L$5/10*8,"2",IF(H753>$L$5/10*7,"3",IF(H753>$L$5/10*6,"4",IF(H753>$L$5/10*5,"5",IF(H753>$L$5/10*4,"6",IF(H753>$L$5/10*3,"7",IF(H753>$L$5/10*2,"8",IF(H753>$L$5/10,"9","10"))))))))) -> 4

Sheet bird_scores
A1: EST_ID | B1: richness | C1: rel.abundance | D1: cumulative.score
A2: 2030 | B2: =estuary_data!Y643*weights!$C$9 -> 0.083438115 | C2: =estuary_data!X643*weights!$C$10 -> 0.90932 | D2: =SUM(B2:C2) -> 0.99275811 | E2: =IF(D2>$H$6/10*9,"1",IF(D2>$H$6/10*8,"2",IF(D2>$H$6/10*7,"3",IF(D2>$H$6/10*6,"4",IF(D2>$H$6/10*5,"5",IF(D2>$H$6/10*4,"6",IF(D2>$H$6/10*3,"7",IF(D2>$H$6/10*2,"8",IF(D2>$H$6/10,"9","10"))))))))) -> 1
A3: 19 | B3: =estuary_data!Y20*weights!$C$9 -> 0.020689735 | C3: =estuary_data!X20*weights!$C$10 -> 0.077385751 | D3: =SUM(B3:C3) -> 0.098075485 | E3: =IF(D3>$H$6/10*9,"1",IF(D3>$H$6/10*8,"2",IF(D3>$H$6/10*7,"3",IF(D3>$H$6/10*6,"4",IF(D3>$H$6/10*5,"5",IF(D3>$H$6/10*4,"6",IF(D3>$H$6/10*3,"7",IF(D3>$H$6/10*2,"8",IF(D3>$H$6/10,"9","10"))))))))) -> 10
A4: 20 | B4: =estuary_data!Y21*weights!$C$9 -> 0.01514704 | C4: =estuary_data!X21*weights!$C$10 -> 0.075141088 | D4: =SUM(B4:C4) -> 0.090288128 | E4: =IF(D4>$H$6/10*9,"1",IF(D4>$H$6/10*8,"2",IF(D4>$H$6/10*7,"3",IF(D4>$H$6/10*6,"4",IF(D4>$H$6/10*5,"5",IF(D4>$H$6/10*4,"6",IF(D4>$H$6/10*3,"7",IF(D4>$H$6/10*2,"8",IF(D4>$H$6/10,"9","10"))))))))) -> 10
A5: 27 | B5: =estuary_data!Y28*weights!$C$9 -> 0.018622965 | C5: =estuary_data!X28*weights!$C$10 -> 0.080371243 | D5: =SUM(B5:C5) -> 0.098994208 | E5: =IF(D5>$H$6/10*9,"1",IF(D5>$H$6/10*8,"2",IF(D5>$H$6/10*7,"3",IF(D5>$H$6/10*6,"4",IF(D5>$H$6/10*5,"5",IF(D5>$H$6/10*4,"6",IF(D5>$H$6/10*3,"7",IF(D5>$H$6/10*2,"8",IF(D5>$H$6/10,"9","10"))))))))) -> 10
A6: 38 | B6: =estuary_data!Y39*weights!$C$9 -> 0.017498753 | C6: =estuary_data!X39*weights!$C$10 -> 0.07576195 | D6: =SUM(B6:C6) -> 0.093260703 | E6: =IF(D6>$H$6/10*9,"1",IF(D6>$H$6/10*8,"2",IF(D6>$H$6/10*7,"3",IF(D6>$H$6/10*6,"4",IF(D6>$H$6/10*5,"5",IF(D6>$H$6/10*4,"6",IF(D6>$H$6/10*3,"7",IF(D6>$H$6/10*2,"8",IF(D6>$H$6/10,"9","10"))))))))) -> 10 | G6: max | H6: 0.9927
A7: 40 | B7: =estuary_data!Y41*weights!$C$9 -> 0.020206795 | C7: =estuary_data!X41*weights!$C$10 -> 0.079055342 | D7: =SUM(B7:C7) -> 0.099262137 | E7: =IF(D7>$H$6/10*9,"1",IF(D7>$H$6/10*8,"2",IF(D7>$H$6/10*7,"3",IF(D7>$H$6/10*6,"4",IF(D7>$H$6/10*5,"5",IF(D7>$H$6/10*4,"6",IF(D7>$H$6/10*3,"7",IF(D7>$H$6/10*2,"8",IF(D7>$H$6/10,"9","10"))))))))) -> 10
A8: 41 | B8: =estuary_data!Y42*weights!$C$9 -> 0.020004549 | C8: =estuary_data!X42*weights!$C$10 -> 0.076968189 | D8: =SUM(B8:C8) -> 0.096972738 | E8: =IF(D8>$H$6/10*9,"1",IF(D8>$H$6/10*8,"2",IF(D8>$H$6/10*7,"3",IF(D8>$H$6/10*6,"4",IF(D8>$H$6/10*5,"5",IF(D8>$H$6/10*4,"6",IF(D8>$H$6/10*3,"7",IF(D8>$H$6/10*2,"8",IF(D8>$H$6/10,"9","10"))))))))) -> 10
A9: 47 | B9: =estuary_data!Y48*weights!$C$9 -> 0.025359019 | C9: =estuary_data!X48*weights!$C$10 -> 0.067556647 | D9: =SUM(B9:C9) -> 0.092915666 | E9: =IF(D9>$H$6/10*9,"1",IF(D9>$H$6/10*8,"2",IF(D9>$H$6/10*7,"3",IF(D9>$H$6/10*6,"4",IF(D9>$H$6/10*5,"5",IF(D9>$H$6/10*4,"6",IF(D9>$H$6/10*3,"7",IF(D9>$H$6/10*2,"8",IF(D9>$H$6/10,"9","10"))))))))) -> 10
A10: 55 | B10: =estuary_data!Y56*weights!$C$9 -> 0.02118222 | C10: =estuary_data!X56*weights!$C$10 -> 0.058355859 | D10: =SUM(B10:C10) -> 0.079538079 | E10: =IF(D10>$H$6/10*9,"1",IF(D10>$H$6/10*8,"2",IF(D10>$H$6/10*7,"3",IF(D10>$H$6/10*6,"4",IF(D10>$H$6/10*5,"5",IF(D10>$H$6/10*4,"6",IF(D10>$H$6/10*3,"7",IF(D10>$H$6/10*2,"8",IF(D10>$H$6/10,"9","10"))))))))) -> 10 | G10: ranked high to low
A11: 66 | B11: =estuary_data!Y67*weights!$C$9 -> 0.016890846 | C11: =estuary_data!X67*weights!$C$10 -> 0.056134938 | D11: =SUM(B11:C11) -> 0.073025784 | E11: =IF(D11>$H$6/10*9,"1",IF(D11>$H$6/10*8,"2",IF(D11>$H$6/10*7,"3",IF(D11>$H$6/10*6,"4",IF(D11>$H$6/10*5,"5",IF(D11>$H$6/10*4,"6",IF(D11>$H$6/10*3,"7",IF(D11>$H$6/10*2,"8",IF(D11>$H$6/10,"9","10"))))))))) -> 10
A12: 67 | B12: =estuary_data!Y68*weights!$C$9 -> 0.013001513 | C12: =estuary_data!X68*weights!$C$10 -> 0.062549545 | D12: =SUM(B12:C12) -> 0.075551058 | E12: =IF(D12>$H$6/10*9,"1",IF(D12>$H$6/10*8,"2",IF(D12>$H$6/10*7,"3",IF(D12>$H$6/10*6,"4",IF(D12>$H$6/10*5,"5",IF(D12>$H$6/10*4,"6",IF(D12>$H$6/10*3,"7",IF(D12>$H$6/10*2,"8",IF(D12>$H$6/10,"9","10"))))))))) -> 10
A13: 68 | B13: =estuary_data!Y69*weights!$C$9 -> 0.018265471 | C13: =estuary_data!X69*weights!$C$10 -> 0.078844251 | D13: =SUM(B13:C13) -> 0.097109723 | E13: =IF(D13>$H$6/10*9,"1",IF(D13>$H$6/10*8,"2",IF(D13>$H$6/10*7,"3",IF(D13>$H$6/10*6,"4",IF(D13>$H$6/10*5,"5",IF(D13>$H$6/10*4,"6",IF(D13>$H$6/10*3,"7",IF(D13>$H$6/10*2,"8",IF(D13>$H$6/10,"9","10"))))))))) -> 10
A14: 69 | B14: =estuary_data!Y70*weights!$C$9 -> 0.013954704 | C14: =estuary_data!X70*weights!$C$10 -> 0.068595764 | D14: =SUM(B14:C14) -> 0.082550468 | E14: =IF(D14>$H$6/10*9,"1",IF(D14>$H$6/10*8,"2",IF(D14>$H$6/10*7,"3",IF(D14>$H$6/10*6,"4",IF(D14>$H$6/10*5,"5",IF(D14>$H$6/10*4,"6",IF(D14>$H$6/10*3,"7",IF(D14>$H$6/10*2,"8",IF(D14>$H$6/10,"9","10"))))))))) -> 10
A15: 70 | B15: =estuary_data!Y71*weights!$C$9 -> 0.018991942 | C15: =estuary_data!X71*weights!$C$10 -> 0.073288132 | D15: =SUM(B15:C15) -> 0.092280074 | E15: =IF(D15>$H$6/10*9,"1",IF(D15>$H$6/10*8,"2",IF(D15>$H$6/10*7,"3",IF(D15>$H$6/10*6,"4",IF(D15>$H$6/10*5,"5",IF(D15>$H$6/10*4,"6",IF(D15>$H$6/10*3,"7",IF(D15>$H$6/10*2,"8",IF(D15>$H$6/10,"9","10"))))))))) -> 10
A16: 77 | B16: =estuary_data!Y78*weights!$C$9 -> 0.023100087 | C16: =estuary_data!X78*weights!$C$10 -> 0.072180986 | D16: =SUM(B16:C16) -> 0.095281073 | E16: =IF(D16>$H$6/10*9,"1",IF(D16>$H$6/10*8,"2",IF(D16>$H$6/10*7,"3",IF(D16>$H$6/10*6,"4",IF(D16>$H$6/10*5,"5",IF(D16>$H$6/10*4,"6",IF(D16>$H$6/10*3,"7",IF(D16>$H$6/10*2,"8",IF(D16>$H$6/10,"9","10"))))))))) -> 10
A17: 86 | B17: =estuary_data!Y87*weights!$C$9 -> 0.020138982 | C17: =estuary_data!X87*weights!$C$10 -> 0.063897292 | D17: =SUM(B17:C17) -> 0.084036274 | E17: =IF(D17>$H$6/10*9,"1",IF(D17>$H$6/10*8,"2",IF(D17>$H$6/10*7,"3",IF(D17>$H$6/10*6,"4",IF(D17>$H$6/10*5,"5",IF(D17>$H$6/10*4,"6",IF(D17>$H$6/10*3,"7",IF(D17>$H$6/10*2,"8",IF(D17>$H$6/10,"9","10"))))))))) -> 10
A18: 89 | B18: =estuary_data!Y90*weights!$C$9 -> 0.020539757 | C18: =estuary_data!X90*weights!$C$10 -> 0.072170601 | D18: =SUM(B18:C18) -> 0.092710358 | E18: =IF(D18>$H$6/10*9,"1",IF(D18>$H$6/10*8,"2",IF(D18>$H$6/10*7,"3",IF(D18>$H$6/10*6,"4",IF(D18>$H$6/10*5,"5",IF(D18>$H$6/10*4,"6",IF(D18>$H$6/10*3,"7",IF(D18>$H$6/10*2,"8",IF(D18>$H$6/10,"9","10"))))))))) -> 10
A19: 95 | B19: =estuary_data!Y96*weights!$C$9 -> 0.017470464 | C19: =estuary_data!X96*weights!$C$10 -> 0.077697037 | D19: =SUM(B19:C19) -> 0.095167501 | E19: =IF(D19>$H$6/10*9,"1",IF(D19>$H$6/10*8,"2",IF(D19>$H$6/10*7,"3",IF(D19>$H$6/10*6,"4",IF(D19>$H$6/10*5,"5",IF(D19>$H$6/10*4,"6",IF(D19>$H$6/10*3,"7",IF(D19>$H$6/10*2,"8",IF(D19>$H$6/10,"9","10"))))))))) -> 10
A20: 99 | B20: =estuary_data!Y100*weights!$C$9 -> 0.0096975266 | C20: =estuary_data!X100*weights!$C$10 -> 0.055988556 | D20: =SUM(B20:C20) -> 0.065686082 | E20: =IF(D20>$H$6/10*9,"1",IF(D20>$H$6/10*8,"2",IF(D20>$H$6/10*7,"3",IF(D20>$H$6/10*6,"4",IF(D20>$H$6/10*5,"5",IF(D20>$H$6/10*4,"6",IF(D20>$H$6/10*3,"7",IF(D20>$H$6/10*2,"8",IF(D20>$H$6/10,"9","10"))))))))) -> 10
A21: 105 | B21: =estuary_data!Y106*weights!$C$9 -> 0.0217467 | C21: =estuary_data!X106*weights!$C$10 -> 0.057792238 | D21: =SUM(B21:C21) -> 0.079538938 | E21: =IF(D21>$H$6/10*9,"1",IF(D21>$H$6/10*8,"2",IF(D21>$H$6/10*7,"3",IF(D21>$H$6/10*6,"4",IF(D21>$H$6/10*5,"5",IF(D21>$H$6/10*4,"6",IF(D21>$H$6/10*3,"7",IF(D21>$H$6/10*2,"8",IF(D21>$H$6/10,"9","10"))))))))) -> 10
A22: 110 | B22: =estuary_data!Y111*weights!$C$9 -> 0.017558997 | C22: =estuary_data!X111*weights!$C$10 -> 0.073958816 | D22: =SUM(B22:C22) -> 0.091517813 | E22: =IF(D22>$H$6/10*9,"1",IF(D22>$H$6/10*8,"2",IF(D22>$H$6/10*7,"3",IF(D22>$H$6/10*6,"4",IF(D22>$H$6/10*5,"5",IF(D22>$H$6/10*4,"6",IF(D22>$H$6/10*3,"7",IF(D22>$H$6/10*2,"8",IF(D22>$H$6/10,"9","10"))))))))) -> 10
A23: 115 | B23: =estuary_data!Y116*weights!$C$9 -> 0.0224073 | C23: =estuary_data!X116*weights!$C$10 -> 0.07143208 | D23: =SUM(B23:C23) -> 0.093839381 | E23: =IF(D23>$H$6/10*9,"1",IF(D23>$H$6/10*8,"2",IF(D23>$H$6/10*7,"3",IF(D23>$H$6/10*6,"4",IF(D23>$H$6/10*5,"5",IF(D23>$H$6/10*4,"6",IF(D23>$H$6/10*3,"7",IF(D23>$H$6/10*2,"8",IF(D23>$H$6/10,"9","10"))))))))) -> 10
A24: 117 | B24: =estuary_data!Y118*weights!$C$9 -> 0.02025639 | C24: =estuary_data!X118*weights!$C$10 -> 0.072601841 | D24: =SUM(B24:C24) -> 0.09285823 | E24: =IF(D24>$H$6/10*9,"1",IF(D24>$H$6/10*8,"2",IF(D24>$H$6/10*7,"3",IF(D24>$H$6/10*6,"4",IF(D24>$H$6/10*5,"5",IF(D24>$H$6/10*4,"6",IF(D24>$H$6/10*3,"7",IF(D24>$H$6/10*2,"8",IF(D24>$H$6/10,"9","10"))))))))) -> 10
A25: 118 | B25: =estuary_data!Y119*weights!$C$9 -> 0.01925616 | C25: =estuary_data!X119*weights!$C$10 -> 0.069060149 | D25: =SUM(B25:C25) -> 0.088316308 | E25: =IF(D25>$H$6/10*9,"1",IF(D25>$H$6/10*8,"2",IF(D25>$H$6/10*7,"3",IF(D25>$H$6/10*6,"4",IF(D25>$H$6/10*5,"5",IF(D25>$H$6/10*4,"6",IF(D25>$H$6/10*3,"7",IF(D25>$H$6/10*2,"8",IF(D25>$H$6/10,"9","10"))))))))) -> 10
A26: 120 | B26: =estuary_data!Y121*weights!$C$9 -> 0.015012761 | C26: =estuary_data!X121*weights!$C$10 -> 0.057062738 | D26: =SUM(B26:C26) -> 0.072075499 | E26: =IF(D26>$H$6/10*9,"1",IF(D26>$H$6/10*8,"2",IF(D26>$H$6/10*7,"3",IF(D26>$H$6/10*6,"4",IF(D26>$H$6/10*5,"5",IF(D26>$H$6/10*4,"6",IF(D26>$H$6/10*3,"7",IF(D26>$H$6/10*2,"8",IF(D26>$H$6/10,"9","10"))))))))) -> 10
A27: 126 | B27: =estuary_data!Y127*weights!$C$9 -> 0.016851547 | C27: =estuary_data!X127*weights!$C$10 -> 0.067472597 | D27: =SUM(B27:C27) -> 0.084324144 | E27: =IF(D27>$H$6/10*9,"1",IF(D27>$H$6/10*8,"2",IF(D27>$H$6/10*7,"3",IF(D27>$H$6/10*6,"4",IF(D27>$H$6/10*5,"5",IF(D27>$H$6/10*4,"6",IF(D27>$H$6/10*3,"7",IF(D27>$H$6/10*2,"8",IF(D27>$H$6/10,"9","10"))))))))) -> 10
A28: 149 | B28: =estuary_data!Y150*weights!$C$9 -> 0.021136531 | C28: =estuary_data!X150*weights!$C$10 -> 0.047109736 | D28: =SUM(B28:C28) -> 0.068246267 | E28: =IF(D28>$H$6/10*9,"1",IF(D28>$H$6/10*8,"2",IF(D28>$H$6/10*7,"3",IF(D28>$H$6/10*6,"4",IF(D28>$H$6/10*5,"5",IF(D28>$H$6/10*4,"6",IF(D28>$H$6/10*3,"7",IF(D28>$H$6/10*2,"8",IF(D28>$H$6/10,"9","10"))))))))) -> 10
A29: 155 | B29: =estuary_data!Y156*weights!$C$9 -> 0.031369098 | C29: =estuary_data!X156*weights!$C$10 -> 0.066946273 | D29: =SUM(B29:C29) -> 0.098315372 | E29: =IF(D29>$H$6/10*9,"1",IF(D29>$H$6/10*8,"2",IF(D29>$H$6/10*7,"3",IF(D29>$H$6/10*6,"4",IF(D29>$H$6/10*5,"5",IF(D29>$H$6/10*4,"6",IF(D29>$H$6/10*3,"7",IF(D29>$H$6/10*2,"8",IF(D29>$H$6/10,"9","10"))))))))) -> 10
A30: 159 | B30: =estuary_data!Y160*weights!$C$9 -> 0.02969284 | C30: =estuary_data!X160*weights!$C$10 -> 0.059786755 | D30: =SUM(B30:C30) -> 0.089479595 | E30: =IF(D30>$H$6/10*9,"1",IF(D30>$H$6/10*8,"2",IF(D30>$H$6/10*7,"3",IF(D30>$H$6/10*6,"4",IF(D30>$H$6/10*5,"5",IF(D30>$H$6/10*4,"6",IF(D30>$H$6/10*3,"7",IF(D30>$H$6/10*2,"8",IF(D30>$H$6/10,"9","10"))))))))) -> 10
A31: 163 | B31: =estuary_data!Y164*weights!$C$9 -> 0.018768734 | C31: =estuary_data!X164*weights!$C$10 -> 0.028702946 | D31: =SUM(B31:C31) -> 0.04747168 | E31: =IF(D31>$H$6/10*9,"1",IF(D31>$H$6/10*8,"2",IF(D31>$H$6/10*7,"3",IF(D31>$H$6/10*6,"4",IF(D31>$H$6/10*5,"5",IF(D31>$H$6/10*4,"6",IF(D31>$H$6/10*3,"7",IF(D31>$H$6/10*2,"8",IF(D31>$H$6/10,"9","10"))))))))) -> 10
A32: 164 | B32: =estuary_data!Y165*weights!$C$9 -> 0.033332376 | C32: =estuary_data!X165*weights!$C$10 -> 0.057235208 | D32: =SUM(B32:C32) -> 0.090567584 | E32: =IF(D32>$H$6/10*9,"1",IF(D32>$H$6/10*8,"2",IF(D32>$H$6/10*7,"3",IF(D32>$H$6/10*6,"4",IF(D32>$H$6/10*5,"5",IF(D32>$H$6/10*4,"6",IF(D32>$H$6/10*3,"7",IF(D32>$H$6/10*2,"8",IF(D32>$H$6/10,"9","10"))))))))) -> 10
A33: 165 | B33: =estuary_data!Y166*weights!$C$9 -> 0.025290409 | C33: =estuary_data!X166*weights!$C$10 -> 0.049489902 | D33: =SUM(B33:C33) -> 0.074780311 | E33: =IF(D33>$H$6/10*9,"1",IF(D33>$H$6/10*8,"2",IF(D33>$H$6/10*7,"3",IF(D33>$H$6/10*6,"4",IF(D33>$H$6/10*5,"5",IF(D33>$H$6/10*4,"6",IF(D33>$H$6/10*3,"7",IF(D33>$H$6/10*2,"8",IF(D33>$H$6/10,"9","10"))))))))) -> 10
A34: 166 | B34: =estuary_data!Y167*weights!$C$9 -> 0.017613247 | C34: =estuary_data!X167*weights!$C$10 -> 0.033719031 | D34: =SUM(B34:C34) -> 0.051332278 | E34: =IF(D34>$H$6/10*9,"1",IF(D34>$H$6/10*8,"2",IF(D34>$H$6/10*7,"3",IF(D34>$H$6/10*6,"4",IF(D34>$H$6/10*5,"5",IF(D34>$H$6/10*4,"6",IF(D34>$H$6/10*3,"7",IF(D34>$H$6/10*2,"8",IF(D34>$H$6/10,"9","10"))))))))) -> 10
A35: 167 | B35: =estuary_data!Y168*weights!$C$9 -> 0.023091456 | C35: =estuary_data!X168*weights!$C$10 -> 0.037238092 | D35: =SUM(B35:C35) -> 0.060329548 | E35: =IF(D35>$H$6/10*9,"1",IF(D35>$H$6/10*8,"2",IF(D35>$H$6/10*7,"3",IF(D35>$H$6/10*6,"4",IF(D35>$H$6/10*5,"5",IF(D35>$H$6/10*4,"6",IF(D35>$H$6/10*3,"7",IF(D35>$H$6/10*2,"8",IF(D35>$H$6/10,"9","10"))))))))) -> 10
A36: 170 | B36: =estuary_data!Y171*weights!$C$9 -> 0.026048034 | C36: =estuary_data!X171*weights!$C$10 -> 0.052427866 | D36: =SUM(B36:C36) -> 0.0784759 | E36: =IF(D36>$H$6/10*9,"1",IF(D36>$H$6/10*8,"2",IF(D36>$H$6/10*7,"3",IF(D36>$H$6/10*6,"4",IF(D36>$H$6/10*5,"5",IF(D36>$H$6/10*4,"6",IF(D36>$H$6/10*3,"7",IF(D36>$H$6/10*2,"8",IF(D36>$H$6/10,"9","10"))))))))) -> 10
A37: 173 | B37: =estuary_data!Y174*weights!$C$9 -> 0.028079749 | C37: =estuary_data!X174*weights!$C$10 -> 0.049587919 | D37: =SUM(B37:C37) -> 0.077667668 | E37: =IF(D37>$H$6/10*9,"1",IF(D37>$H$6/10*8,"2",IF(D37>$H$6/10*7,"3",IF(D37>$H$6/10*6,"4",IF(D37>$H$6/10*5,"5",IF(D37>$H$6/10*4,"6",IF(D37>$H$6/10*3,"7",IF(D37>$H$6/10*2,"8",IF(D37>$H$6/10,"9","10"))))))))) -> 10
A38: 176 | B38: =estuary_data!Y177*weights!$C$9 -> 0.028402136 | C38: =estuary_data!X177*weights!$C$10 -> 0.056399467 | D38: =SUM(B38:C38) -> 0.084801603 | E38: =IF(D38>$H$6/10*9,"1",IF(D38>$H$6/10*8,"2",IF(D38>$H$6/10*7,"3",IF(D38>$H$6/10*6,"4",IF(D38>$H$6/10*5,"5",IF(D38>$H$6/10*4,"6",IF(D38>$H$6/10*3,"7",IF(D38>$H$6/10*2,"8",IF(D38>$H$6/10,"9","10"))))))))) -> 10
A39: 187 | B39: =estuary_data!Y188*weights!$C$9 -> 0.021052664 | C39: =estuary_data!X188*weights!$C$10 -> 0.043406644 | D39: =SUM(B39:C39) -> 0.064459308 | E39: =IF(D39>$H$6/10*9,"1",IF(D39>$H$6/10*8,"2",IF(D39>$H$6/10*7,"3",IF(D39>$H$6/10*6,"4",IF(D39>$H$6/10*5,"5",IF(D39>$H$6/10*4,"6",IF(D39>$H$6/10*3,"7",IF(D39>$H$6/10*2,"8",IF(D39>$H$6/10,"9","10"))))))))) -> 10
A40: 188 | B40: =estuary_data!Y189*weights!$C$9 -> 0.028195405 | C40: =estuary_data!X189*weights!$C$10 -> 0.062403206 | D40: =SUM(B40:C40) -> 0.090598611 | E40: =IF(D40>$H$6/10*9,"1",IF(D40>$H$6/10*8,"2",IF(D40>$H$6/10*7,"3",IF(D40>$H$6/10*6,"4",IF(D40>$H$6/10*5,"5",IF(D40>$H$6/10*4,"6",IF(D40>$H$6/10*3,"7",IF(D40>$H$6/10*2,"8",IF(D40>$H$6/10,"9","10"))))))))) -> 10
A41: 191 | B41: =estuary_data!Y192*weights!$C$9 -> 0.016452674 | C41: =estuary_data!X192*weights!$C$10 -> 0.027873813 | D41: =SUM(B41:C41) -> 0.044326487 | E41: =IF(D41>$H$6/10*9,"1",IF(D41>$H$6/10*8,"2",IF(D41>$H$6/10*7,"3",IF(D41>$H$6/10*6,"4",IF(D41>$H$6/10*5,"5",IF(D41>$H$6/10*4,"6",IF(D41>$H$6/10*3,"7",IF(D41>$H$6/10*2,"8",IF(D41>$H$6/10,"9","10"))))))))) -> 10
A42: 196 | B42: =estuary_data!Y197*weights!$C$9 -> 0.022634661 | C42: =estuary_data!X197*weights!$C$10 -> 0.036368139 | D42: =SUM(B42:C42) -> 0.0590028 | E42: =IF(D42>$H$6/10*9,"1",IF(D42>$H$6/10*8,"2",IF(D42>$H$6/10*7,"3",IF(D42>$H$6/10*6,"4",IF(D42>$H$6/10*5,"5",IF(D42>$H$6/10*4,"6",IF(D42>$H$6/10*3,"7",IF(D42>$H$6/10*2,"8",IF(D42>$H$6/10,"9","10"))))))))) -> 10
A43: 203 | B43: =estuary_data!Y204*weights!$C$9 -> 0.026797141 | C43: =estuary_data!X204*weights!$C$10 -> 0.063009115 | D43: =SUM(B43:C43) -> 0.089806256 | E43: =IF(D43>$H$6/10*9,"1",IF(D43>$H$6/10*8,"2",IF(D43>$H$6/10*7,"3",IF(D43>$H$6/10*6,"4",IF(D43>$H$6/10*5,"5",IF(D43>$H$6/10*4,"6",IF(D43>$H$6/10*3,"7",IF(D43>$H$6/10*2,"8",IF(D43>$H$6/10,"9","10"))))))))) -> 10
A44: 205 | B44: =estuary_data!Y206*weights!$C$9 -> 0.016273513 | C44: =estuary_data!X206*weights!$C$10 -> 0.070281442 | D44: =SUM(B44:C44) -> 0.086554955 | E44: =IF(D44>$H$6/10*9,"1",IF(D44>$H$6/10*8,"2",IF(D44>$H$6/10*7,"3",IF(D44>$H$6/10*6,"4",IF(D44>$H$6/10*5,"5",IF(D44>$H$6/10*4,"6",IF(D44>$H$6/10*3,"7",IF(D44>$H$6/10*2,"8",IF(D44>$H$6/10,"9","10"))))))))) -> 10
A45: 206 | B45: =estuary_data!Y207*weights!$C$9 -> 0.024746555 | C45: =estuary_data!X207*weights!$C$10 -> 0.069350219 | D45: =SUM(B45:C45) -> 0.094096774 | E45: =IF(D45>$H$6/10*9,"1",IF(D45>$H$6/10*8,"2",IF(D45>$H$6/10*7,"3",IF(D45>$H$6/10*6,"4",IF(D45>$H$6/10*5,"5",IF(D45>$H$6/10*4,"6",IF(D45>$H$6/10*3,"7",IF(D45>$H$6/10*2,"8",IF(D45>$H$6/10,"9","10"))))))))) -> 10
A46: 210 | B46: =estuary_data!Y211*weights!$C$9 -> 0.025793914 | C46: =estuary_data!X211*weights!$C$10 -> 0.068740594 | D46: =SUM(B46:C46) -> 0.094534508 | E46: =IF(D46>$H$6/10*9,"1",IF(D46>$H$6/10*8,"2",IF(D46>$H$6/10*7,"3",IF(D46>$H$6/10*6,"4",IF(D46>$H$6/10*5,"5",IF(D46>$H$6/10*4,"6",IF(D46>$H$6/10*3,"7",IF(D46>$H$6/10*2,"8",IF(D46>$H$6/10,"9","10"))))))))) -> 10
A47: 211 | B47: =estuary_data!Y212*weights!$C$9 -> 0.021715779 | C47: =estuary_data!X212*weights!$C$10 -> 0.06398648 | D47: =SUM(B47:C47) -> 0.085702259 | E47: =IF(D47>$H$6/10*9,"1",IF(D47>$H$6/10*8,"2",IF(D47>$H$6/10*7,"3",IF(D47>$H$6/10*6,"4",IF(D47>$H$6/10*5,"5",IF(D47>$H$6/10*4,"6",IF(D47>$H$6/10*3,"7",IF(D47>$H$6/10*2,"8",IF(D47>$H$6/10,"9","10"))))))))) -> 10
A48: 213 | B48: =estuary_data!Y214*weights!$C$9 -> 0.027326665 | C48: =estuary_data!X214*weights!$C$10 -> 0.063454171 | D48: =SUM(B48:C48) -> 0.090780836 | E48: =IF(D48>$H$6/10*9,"1",IF(D48>$H$6/10*8,"2",IF(D48>$H$6/10*7,"3",IF(D48>$H$6/10*6,"4",IF(D48>$H$6/10*5,"5",IF(D48>$H$6/10*4,"6",IF(D48>$H$6/10*3,"7",IF(D48>$H$6/10*2,"8",IF(D48>$H$6/10,"9","10"))))))))) -> 10
A49: 214 | B49: =estuary_data!Y215*weights!$C$9 -> 0.032315662 | C49: =estuary_data!X215*weights!$C$10 -> 0.065155026 | D49: =SUM(B49:C49) -> 0.097470688 | E49: =IF(D49>$H$6/10*9,"1",IF(D49>$H$6/10*8,"2",IF(D49>$H$6/10*7,"3",IF(D49>$H$6/10*6,"4",IF(D49>$H$6/10*5,"5",IF(D49>$H$6/10*4,"6",IF(D49>$H$6/10*3,"7",IF(D49>$H$6/10*2,"8",IF(D49>$H$6/10,"9","10"))))))))) -> 10
A50: 215 | B50: =estuary_data!Y216*weights!$C$9 -> 0.023473111 | C50: =estuary_data!X216*weights!$C$10 -> 0.055893668 | D50: =SUM(B50:C50) -> 0.07936678 | E50: =IF(D50>$H$6/10*9,"1",IF(D50>$H$6/10*8,"2",IF(D50>$H$6/10*7,"3",IF(D50>$H$6/10*6,"4",IF(D50>$H$6/10*5,"5",IF(D50>$H$6/10*4,"6",IF(D50>$H$6/10*3,"7",IF(D50>$H$6/10*2,"8",IF(D50>$H$6/10,"9","10"))))))))) -> 10
A51: 216 | B51: =estuary_data!Y217*weights!$C$9 -> 0.024382028 | C51: =estuary_data!X217*weights!$C$10 -> 0.063396746 | D51: =SUM(B51:C51) -> 0.087778774 | E51: =IF(D51>$H$6/10*9,"1",IF(D51>$H$6/10*8,"2",IF(D51>$H$6/10*7,"3",IF(D51>$H$6/10*6,"4",IF(D51>$H$6/10*5,"5",IF(D51>$H$6/10*4,"6",IF(D51>$H$6/10*3,"7",IF(D51>$H$6/10*2,"8",IF(D51>$H$6/10,"9","10"))))))))) -> 10
A52: 219 | B52: =estuary_data!Y220*weights!$C$9 -> 0.030976141 | C52: =estuary_data!X220*weights!$C$10 -> 0.058557261 | D52: =SUM(B52:C52) -> 0.089533402 | E52: =IF(D52>$H$6/10*9,"1",IF(D52>$H$6/10*8,"2",IF(D52>$H$6/10*7,"3",IF(D52>$H$6/10*6,"4",IF(D52>$H$6/10*5,"5",IF(D52>$H$6/10*4,"6",IF(D52>$H$6/10*3,"7",IF(D52>$H$6/10*2,"8",IF(D52>$H$6/10,"9","10"))))))))) -> 10
A53: 220 | B53: =estuary_data!Y221*weights!$C$9 -> 0.019751297 | C53: =estuary_data!X221*weights!$C$10 -> 0.030560418 | D53: =SUM(B53:C53) -> 0.050311715 | E53: =IF(D53>$H$6/10*9,"1",IF(D53>$H$6/10*8,"2",IF(D53>$H$6/10*7,"3",IF(D53>$H$6/10*6,"4",IF(D53>$H$6/10*5,"5",IF(D53>$H$6/10*4,"6",IF(D53>$H$6/10*3,"7",IF(D53>$H$6/10*2,"8",IF(D53>$H$6/10,"9","10"))))))))) -> 10
A54: 221 | B54: =estuary_data!Y222*weights!$C$9 -> 0.017224207 | C54: =estuary_data!X222*weights!$C$10 -> 0.027356454 | D54: =SUM(B54:C54) -> 0.044580661 | E54: =IF(D54>$H$6/10*9,"1",IF(D54>$H$6/10*8,"2",IF(D54>$H$6/10*7,"3",IF(D54>$H$6/10*6,"4",IF(D54>$H$6/10*5,"5",IF(D54>$H$6/10*4,"6",IF(D54>$H$6/10*3,"7",IF(D54>$H$6/10*2,"8",IF(D54>$H$6/10,"9","10"))))))))) -> 10
A55: 222 | B55: =estuary_data!Y223*weights!$C$9 -> 0.0095361325 | C55: =estuary_data!X223*weights!$C$10 -> 0.012730701 | D55: =SUM(B55:C55) -> 0.022266833 | E55: =IF(D55>$H$6/10*9,"1",IF(D55>$H$6/10*8,"2",IF(D55>$H$6/10*7,"3",IF(D55>$H$6/10*6,"4",IF(D55>$H$6/10*5,"5",IF(D55>$H$6/10*4,"6",IF(D55>$H$6/10*3,"7",IF(D55>$H$6/10*2,"8",IF(D55>$H$6/10,"9","10"))))))))) -> 10
A56: 223 | B56: =estuary_data!Y224*weights!$C$9 -> 0.0050357582 | C56: =estuary_data!X224*weights!$C$10 -> 0.0030856042 | D56: =SUM(B56:C56) -> 0.0081213624 | E56: =IF(D56>$H$6/10*9,"1",IF(D56>$H$6/10*8,"2",IF(D56>$H$6/10*7,"3",IF(D56>$H$6/10*6,"4",IF(D56>$H$6/10*5,"5",IF(D56>$H$6/10*4,"6",IF(D56>$H$6/10*3,"7",IF(D56>$H$6/10*2,"8",IF(D56>$H$6/10,"9","10"))))))))) -> 10
A57: 224 | B57: =estuary_data!Y225*weights!$C$9 -> 0.0053667152 | C57: =estuary_data!X225*weights!$C$10 -> 0.0038336143 | D57: =SUM(B57:C57) -> 0.0092003295 | E57: =IF(D57>$H$6/10*9,"1",IF(D57>$H$6/10*8,"2",IF(D57>$H$6/10*7,"3",IF(D57>$H$6/10*6,"4",IF(D57>$H$6/10*5,"5",IF(D57>$H$6/10*4,"6",IF(D57>$H$6/10*3,"7",IF(D57>$H$6/10*2,"8",IF(D57>$H$6/10,"9","10"))))))))) -> 10
A58: 225 | B58: =estuary_data!Y226*weights!$C$9 -> 0.0078469681 | C58: =estuary_data!X226*weights!$C$10 -> 0.009533083 | D58: =SUM(B58:C58) -> 0.017380051 | E58: =IF(D58>$H$6/10*9,"1",IF(D58>$H$6/10*8,"2",IF(D58>$H$6/10*7,"3",IF(D58>$H$6/10*6,"4",IF(D58>$H$6/10*5,"5",IF(D58>$H$6/10*4,"6",IF(D58>$H$6/10*3,"7",IF(D58>$H$6/10*2,"8",IF(D58>$H$6/10,"9","10"))))))))) -> 10
A59: 226 | B59: =estuary_data!Y227*weights!$C$9 -> 0.0080830694 | C59: =estuary_data!X227*weights!$C$10 -> 0.012674374 | D59: =SUM(B59:C59) -> 0.020757444 | E59: =IF(D59>$H$6/10*9,"1",IF(D59>$H$6/10*8,"2",IF(D59>$H$6/10*7,"3",IF(D59>$H$6/10*6,"4",IF(D59>$H$6/10*5,"5",IF(D59>$H$6/10*4,"6",IF(D59>$H$6/10*3,"7",IF(D59>$H$6/10*2,"8",IF(D59>$H$6/10,"9","10"))))))))) -> 10
A60: 227 | B60: =estuary_data!Y228*weights!$C$9 -> 0.012753478 | C60: =estuary_data!X228*weights!$C$10 -> 0.02207703 | D60: =SUM(B60:C60) -> 0.034830508 | E60: =IF(D60>$H$6/10*9,"1",IF(D60>$H$6/10*8,"2",IF(D60>$H$6/10*7,"3",IF(D60>$H$6/10*6,"4",IF(D60>$H$6/10*5,"5",IF(D60>$H$6/10*4,"6",IF(D60>$H$6/10*3,"7",IF(D60>$H$6/10*2,"8",IF(D60>$H$6/10,"9","10"))))))))) -> 10
A61: 236 | B61: =estuary_data!Y237*weights!$C$9 -> 0.0059033548 | C61: =estuary_data!X237*weights!$C$10 -> 0.0061984398 | D61: =SUM(B61:C61) -> 0.012101795 | E61: =IF(D61>$H$6/10*9,"1",IF(D61>$H$6/10*8,"2",IF(D61>$H$6/10*7,"3",IF(D61>$H$6/10*6,"4",IF(D61>$H$6/10*5,"5",IF(D61>$H$6/10*4,"6",IF(D61>$H$6/10*3,"7",IF(D61>$H$6/10*2,"8",IF(D61>$H$6/10,"9","10"))))))))) -> 10
A62: 237 | B62: =estuary_data!Y238*weights!$C$9 -> 0.015269582 | C62: =estuary_data!X238*weights!$C$10 -> 0.055171078 | D62: =SUM(B62:C62) -> 0.07044066 | E62: =IF(D62>$H$6/10*9,"1",IF(D62>$H$6/10*8,"2",IF(D62>$H$6/10*7,"3",IF(D62>$H$6/10*6,"4",IF(D62>$H$6/10*5,"5",IF(D62>$H$6/10*4,"6",IF(D62>$H$6/10*3,"7",IF(D62>$H$6/10*2,"8",IF(D62>$H$6/10,"9","10"))))))))) -> 10
A63: 239 | B63: =estuary_data!Y240*weights!$C$9 -> 0.020870969 | C63: =estuary_data!X240*weights!$C$10 -> 0.068847887 | D63: =SUM(B63:C63) -> 0.089718856 | E63: =IF(D63>$H$6/10*9,"1",IF(D63>$H$6/10*8,"2",IF(D63>$H$6/10*7,"3",IF(D63>$H$6/10*6,"4",IF(D63>$H$6/10*5,"5",IF(D63>$H$6/10*4,"6",IF(D63>$H$6/10*3,"7",IF(D63>$H$6/10*2,"8",IF(D63>$H$6/10,"9","10"))))))))) -> 10
A64: 240 | B64: =estuary_data!Y241*weights!$C$9 -> 0.024989662 | C64: =estuary_data!X241*weights!$C$10 -> 0.071994276 | D64: =SUM(B64:C64) -> 0.096983939 | E64: =IF(D64>$H$6/10*9,"1",IF(D64>$H$6/10*8,"2",IF(D64>$H$6/10*7,"3",IF(D64>$H$6/10*6,"4",IF(D64>$H$6/10*5,"5",IF(D64>$H$6/10*4,"6",IF(D64>$H$6/10*3,"7",IF(D64>$H$6/10*2,"8",IF(D64>$H$6/10,"9","10"))))))))) -> 10
A65: 241 | B65: =estuary_data!Y242*weights!$C$9 -> 0.029384277 | C65: =estuary_data!X242*weights!$C$10 -> 0.055844094 | D65: =SUM(B65:C65) -> 0.085228371 | E65: =IF(D65>$H$6/10*9,"1",IF(D65>$H$6/10*8,"2",IF(D65>$H$6/10*7,"3",IF(D65>$H$6/10*6,"4",IF(D65>$H$6/10*5,"5",IF(D65>$H$6/10*4,"6",IF(D65>$H$6/10*3,"7",IF(D65>$H$6/10*2,"8",IF(D65>$H$6/10,"9","10"))))))))) -> 10
A66: 243 | B66: =estuary_data!Y244*weights!$C$9 -> 0.01944191 | C66: =estuary_data!X244*weights!$C$10 -> 0.054599251 | D66: =SUM(B66:C66) -> 0.074041161 | E66: =IF(D66>$H$6/10*9,"1",IF(D66>$H$6/10*8,"2",IF(D66>$H$6/10*7,"3",IF(D66>$H$6/10*6,"4",IF(D66>$H$6/10*5,"5",IF(D66>$H$6/10*4,"6",IF(D66>$H$6/10*3,"7",IF(D66>$H$6/10*2,"8",IF(D66>$H$6/10,"9","10"))))))))) -> 10
A67: 246 | B67: =estuary_data!Y247*weights!$C$9 -> 0.024356137 | C67: =estuary_data!X247*weights!$C$10 -> 0.053967427 | D67: =SUM(B67:C67) -> 0.078323564 | E67: =IF(D67>$H$6/10*9,"1",IF(D67>$H$6/10*8,"2",IF(D67>$H$6/10*7,"3",IF(D67>$H$6/10*6,"4",IF(D67>$H$6/10*5,"5",IF(D67>$H$6/10*4,"6",IF(D67>$H$6/10*3,"7",IF(D67>$H$6/10*2,"8",IF(D67>$H$6/10,"9","10"))))))))) -> 10
A68: 255 | B68: =estuary_data!Y256*weights!$C$9 -> 0.020632331 | C68: =estuary_data!X256*weights!$C$10 -> 0.0719663 | D68: =SUM(B68:C68) -> 0.092598631 | E68: =IF(D68>$H$6/10*9,"1",IF(D68>$H$6/10*8,"2",IF(D68>$H$6/10*7,"3",IF(D68>$H$6/10*6,"4",IF(D68>$H$6/10*5,"5",IF(D68>$H$6/10*4,"6",IF(D68>$H$6/10*3,"7",IF(D68>$H$6/10*2,"8",IF(D68>$H$6/10,"9","10"))))))))) -> 10
A69: 259 | B69: =estuary_data!Y260*weights!$C$9 -> 0.02154171 | C69: =estuary_data!X260*weights!$C$10 -> 0.074040687 | D69: =SUM(B69:C69) -> 0.095582397 | E69: =IF(D69>$H$6/10*9,"1",IF(D69>$H$6/10*8,"2",IF(D69>$H$6/10*7,"3",IF(D69>$H$6/10*6,"4",IF(D69>$H$6/10*5,"5",IF(D69>$H$6/10*4,"6",IF(D69>$H$6/10*3,"7",IF(D69>$H$6/10*2,"8",IF(D69>$H$6/10,"9","10"))))))))) -> 10
A70: 263 | B70: =estuary_data!Y264*weights!$C$9 -> 0.030455818 | C70: =estuary_data!X264*weights!$C$10 -> 0.06875869 | D70: =SUM(B70:C70) -> 0.099214507 | E70: =IF(D70>$H$6/10*9,"1",IF(D70>$H$6/10*8,"2",IF(D70>$H$6/10*7,"3",IF(D70>$H$6/10*6,"4",IF(D70>$H$6/10*5,"5",IF(D70>$H$6/10*4,"6",IF(D70>$H$6/10*3,"7",IF(D70>$H$6/10*2,"8",IF(D70>$H$6/10,"9","10"))))))))) -> 10
A71: 264 | B71: =estuary_data!Y265*weights!$C$9 -> 0.017631944 | C71: =estuary_data!X265*weights!$C$10 -> 0.04429524 | D71: =SUM(B71:C71) -> 0.061927183 | E71: =IF(D71>$H$6/10*9,"1",IF(D71>$H$6/10*8,"2",IF(D71>$H$6/10*7,"3",IF(D71>$H$6/10*6,"4",IF(D71>$H$6/10*5,"5",IF(D71>$H$6/10*4,"6",IF(D71>$H$6/10*3,"7",IF(D71>$H$6/10*2,"8",IF(D71>$H$6/10,"9","10"))))))))) -> 10
A72: 266 | B72: =estuary_data!Y267*weights!$C$9 -> 0.028653624 | C72: =estuary_data!X267*weights!$C$10 -> 0.062621977 | D72: =SUM(B72:C72) -> 0.091275602 | E72: =IF(D72>$H$6/10*9,"1",IF(D72>$H$6/10*8,"2",IF(D72>$H$6/10*7,"3",IF(D72>$H$6/10*6,"4",IF(D72>$H$6/10*5,"5",IF(D72>$H$6/10*4,"6",IF(D72>$H$6/10*3,"7",IF(D72>$H$6/10*2,"8",IF(D72>$H$6/10,"9","10"))))))))) -> 10
A73: 268 | B73: =estuary_data!Y269*weights!$C$9 -> 0.033921733 | C73: =estuary_data!X269*weights!$C$10 -> 0.063005432 | D73: =SUM(B73:C73) -> 0.096927165 | E73: =IF(D73>$H$6/10*9,"1",IF(D73>$H$6/10*8,"2",IF(D73>$H$6/10*7,"3",IF(D73>$H$6/10*6,"4",IF(D73>$H$6/10*5,"5",IF(D73>$H$6/10*4,"6",IF(D73>$H$6/10*3,"7",IF(D73>$H$6/10*2,"8",IF(D73>$H$6/10,"9","10"))))))))) -> 10
A74: 269 | B74: =estuary_data!Y270*weights!$C$9 -> 0.023336821 | C74: =estuary_data!X270*weights!$C$10 -> 0.049582839 | D74: =SUM(B74:C74) -> 0.07291966 | E74: =IF(D74>$H$6/10*9,"1",IF(D74>$H$6/10*8,"2",IF(D74>$H$6/10*7,"3",IF(D74>$H$6/10*6,"4",IF(D74>$H$6/10*5,"5",IF(D74>$H$6/10*4,"6",IF(D74>$H$6/10*3,"7",IF(D74>$H$6/10*2,"8",IF(D74>$H$6/10,"9","10"))))))))) -> 10
A75: 270 | B75: =estuary_data!Y271*weights!$C$9 -> 0.030059538 | C75: =estuary_data!X271*weights!$C$10 -> 0.042280879 | D75: =SUM(B75:C75) -> 0.072340417 | E75: =IF(D75>$H$6/10*9,"1",IF(D75>$H$6/10*8,"2",IF(D75>$H$6/10*7,"3",IF(D75>$H$6/10*6,"4",IF(D75>$H$6/10*5,"5",IF(D75>$H$6/10*4,"6",IF(D75>$H$6/10*3,"7",IF(D75>$H$6/10*2,"8",IF(D75>$H$6/10,"9","10"))))))))) -> 10
A76: 271 | B76: =estuary_data!Y272*weights!$C$9 -> 0.019599464 | C76: =estuary_data!X272*weights!$C$10 -> 0.044814528 | D76: =SUM(B76:C76) -> 0.064413992 | E76: =IF(D76>$H$6/10*9,"1",IF(D76>$H$6/10*8,"2",IF(D76>$H$6/10*7,"3",IF(D76>$H$6/10*6,"4",IF(D76>$H$6/10*5,"5",IF(D76>$H$6/10*4,"6",IF(D76>$H$6/10*3,"7",IF(D76>$H$6/10*2,"8",IF(D76>$H$6/10,"9","10"))))))))) -> 10
A77: 272 | B77: =estuary_data!Y273*weights!$C$9 -> 0.020633192 | C77: =estuary_data!X273*weights!$C$10 -> 0.03580843 | D77: =SUM(B77:C77) -> 0.056441622 | E77: =IF(D77>$H$6/10*9,"1",IF(D77>$H$6/10*8,"2",IF(D77>$H$6/10*7,"3",IF(D77>$H$6/10*6,"4",IF(D77>$H$6/10*5,"5",IF(D77>$H$6/10*4,"6",IF(D77>$H$6/10*3,"7",IF(D77>$H$6/10*2,"8",IF(D77>$H$6/10,"9","10"))))))))) -> 10
A78: 277 | B78: =estuary_data!Y278*weights!$C$9 -> 0.02402115 | C78: =estuary_data!X278*weights!$C$10 -> 0.069025207 | D78: =SUM(B78:C78) -> 0.093046356 | E78: =IF(D78>$H$6/10*9,"1",IF(D78>$H$6/10*8,"2",IF(D78>$H$6/10*7,"3",IF(D78>$H$6/10*6,"4",IF(D78>$H$6/10*5,"5",IF(D78>$H$6/10*4,"6",IF(D78>$H$6/10*3,"7",IF(D78>$H$6/10*2,"8",IF(D78>$H$6/10,"9","10"))))))))) -> 10
A79: 278 | B79: =estuary_data!Y279*weights!$C$9 -> 0.022656404 | C79: =estuary_data!X279*weights!$C$10 -> 0.07359902 | D79: =SUM(B79:C79) -> 0.096255424 | E79: =IF(D79>$H$6/10*9,"1",IF(D79>$H$6/10*8,"2",IF(D79>$H$6/10*7,"3",IF(D79>$H$6/10*6,"4",IF(D79>$H$6/10*5,"5",IF(D79>$H$6/10*4,"6",IF(D79>$H$6/10*3,"7",IF(D79>$H$6/10*2,"8",IF(D79>$H$6/10,"9","10"))))))))) -> 10
A80: 280 | B80: =estuary_data!Y281*weights!$C$9 -> 0.012416086 | C80: =estuary_data!X281*weights!$C$10 -> 0.0071915802 | D80: =SUM(B80:C80) -> 0.019607666 | E80: =IF(D80>$H$6/10*9,"1",IF(D80>$H$6/10*8,"2",IF(D80>$H$6/10*7,"3",IF(D80>$H$6/10*6,"4",IF(D80>$H$6/10*5,"5",IF(D80>$H$6/10*4,"6",IF(D80>$H$6/10*3,"7",IF(D80>$H$6/10*2,"8",IF(D80>$H$6/10,"9","10"))))))))) -> 10
A81: 281 | B81: =estuary_data!Y282*weights!$C$9 -> 0.018452985 | C81: =estuary_data!X282*weights!$C$10 -> 0.05292495 | D81: =SUM(B81:C81) -> 0.071377935 | E81: =IF(D81>$H$6/10*9,"1",IF(D81>$H$6/10*8,"2",IF(D81>$H$6/10*7,"3",IF(D81>$H$6/10*6,"4",IF(D81>$H$6/10*5,"5",IF(D81>$H$6/10*4,"6",IF(D81>$H$6/10*3,"7",IF(D81>$H$6/10*2,"8",IF(D81>$H$6/10,"9","10"))))))))) -> 10
A82: 282 | B82: =estuary_data!Y283*weights!$C$9 -> 0.022597255 | C82: =estuary_data!X283*weights!$C$10 -> 0.056388362 | D82: =SUM(B82:C82) -> 0.078985617 | E82: =IF(D82>$H$6/10*9,"1",IF(D82>$H$6/10*8,"2",IF(D82>$H$6/10*7,"3",IF(D82>$H$6/10*6,"4",IF(D82>$H$6/10*5,"5",IF(D82>$H$6/10*4,"6",IF(D82>$H$6/10*3,"7",IF(D82>$H$6/10*2,"8",IF(D82>$H$6/10,"9","10"))))))))) -> 10
A83: 284 | B83: =estuary_data!Y285*weights!$C$9 -> 0.025165091 | C83: =estuary_data!X285*weights!$C$10 -> 0.07185584 | D83: =SUM(B83:C83) -> 0.097020931 | E83: =IF(D83>$H$6/10*9,"1",IF(D83>$H$6/10*8,"2",IF(D83>$H$6/10*7,"3",IF(D83>$H$6/10*6,"4",IF(D83>$H$6/10*5,"5",IF(D83>$H$6/10*4,"6",IF(D83>$H$6/10*3,"7",IF(D83>$H$6/10*2,"8",IF(D83>$H$6/10,"9","10"))))))))) -> 10
A84: 285 | B84: =estuary_data!Y286*weights!$C$9 -> 0.034299141 | C84: =estuary_data!X286*weights!$C$10 -> 0.057686684 | D84: =SUM(B84:C84) -> 0.091985825 | E84: =IF(D84>$H$6/10*9,"1",IF(D84>$H$6/10*8,"2",IF(D84>$H$6/10*7,"3",IF(D84>$H$6/10*6,"4",IF(D84>$H$6/10*5,"5",IF(D84>$H$6/10*4,"6",IF(D84>$H$6/10*3,"7",IF(D84>$H$6/10*2,"8",IF(D84>$H$6/10,"9","10"))))))))) -> 10
A85: 289 | B85: =estuary_data!Y290*weights!$C$9 -> 0.036389731 | C85: =estuary_data!X290*weights!$C$10 -> 0.061801883 | D85: =SUM(B85:C85) -> 0.098191614 | E85: =IF(D85>$H$6/10*9,"1",IF(D85>$H$6/10*8,"2",IF(D85>$H$6/10*7,"3",IF(D85>$H$6/10*6,"4",IF(D85>$H$6/10*5,"5",IF(D85>$H$6/10*4,"6",IF(D85>$H$6/10*3,"7",IF(D85>$H$6/10*2,"8",IF(D85>$H$6/10,"9","10"))))))))) -> 10
A86: 290 | B86: =estuary_data!Y291*weights!$C$9 -> 0.026921885 | C86: =estuary_data!X291*weights!$C$10 -> 0.055618077 | D86: =SUM(B86:C86) -> 0.082539962 | E86: =IF(D86>$H$6/10*9,"1",IF(D86>$H$6/10*8,"2",IF(D86>$H$6/10*7,"3",IF(D86>$H$6/10*6,"4",IF(D86>$H$6/10*5,"5",IF(D86>$H$6/10*4,"6",IF(D86>$H$6/10*3,"7",IF(D86>$H$6/10*2,"8",IF(D86>$H$6/10,"9","10"))))))))) -> 10
A87: 293 | B87: =estuary_data!Y294*weights!$C$9 -> 0.0098758932 | C87: =estuary_data!X294*weights!$C$10 -> 0.017048909 | D87: =SUM(B87:C87) -> 0.026924802 | E87: =IF(D87>$H$6/10*9,"1",IF(D87>$H$6/10*8,"2",IF(D87>$H$6/10*7,"3",IF(D87>$H$6/10*6,"4",IF(D87>$H$6/10*5,"5",IF(D87>$H$6/10*4,"6",IF(D87>$H$6/10*3,"7",IF(D87>$H$6/10*2,"8",IF(D87>$H$6/10,"9","10"))))))))) -> 10
A88: 294 | B88: =estuary_data!Y295*weights!$C$9 -> 0.014574057 | C88: =estuary_data!X295*weights!$C$10 -> 0.03272846 | D88: =SUM(B88:C88) -> 0.047302517 | E88: =IF(D88>$H$6/10*9,"1",IF(D88>$H$6/10*8,"2",IF(D88>$H$6/10*7,"3",IF(D88>$H$6/10*6,"4",IF(D88>$H$6/10*5,"5",IF(D88>$H$6/10*4,"6",IF(D88>$H$6/10*3,"7",IF(D88>$H$6/10*2,"8",IF(D88>$H$6/10,"9","10"))))))))) -> 10
A89: 301 | B89: =estuary_data!Y302*weights!$C$9 -> 0.014733096 | C89: =estuary_data!X302*weights!$C$10 -> 0.009603114 | D89: =SUM(B89:C89) -> 0.02433621 | E89: =IF(D89>$H$6/10*9,"1",IF(D89>$H$6/10*8,"2",IF(D89>$H$6/10*7,"3",IF(D89>$H$6/10*6,"4",IF(D89>$H$6/10*5,"5",IF(D89>$H$6/10*4,"6",IF(D89>$H$6/10*3,"7",IF(D89>$H$6/10*2,"8",IF(D89>$H$6/10,"9","10"))))))))) -> 10
A90: 302 | B90: =estuary_data!Y303*weights!$C$9 -> 0.014775235 | C90: =estuary_data!X303*weights!$C$10 -> 0.0082828438 | D90: =SUM(B90:C90) -> 0.023058079 | E90: =IF(D90>$H$6/10*9,"1",IF(D90>$H$6/10*8,"2",IF(D90>$H$6/10*7,"3",IF(D90>$H$6/10*6,"4",IF(D90>$H$6/10*5,"5",IF(D90>$H$6/10*4,"6",IF(D90>$H$6/10*3,"7",IF(D90>$H$6/10*2,"8",IF(D90>$H$6/10,"9","10"))))))))) -> 10
A91: 303 | B91: =estuary_data!Y304*weights!$C$9 -> 0.035349439 | C91: =estuary_data!X304*weights!$C$10 -> 0.062912639 | D91: =SUM(B91:C91) -> 0.098262078 | E91: =IF(D91>$H$6/10*9,"1",IF(D91>$H$6/10*8,"2",IF(D91>$H$6/10*7,"3",IF(D91>$H$6/10*6,"4",IF(D91>$H$6/10*5,"5",IF(D91>$H$6/10*4,"6",IF(D91>$H$6/10*3,"7",IF(D91>$H$6/10*2,"8",IF(D91>$H$6/10,"9","10"))))))))) -> 10
A92: 304 | B92: =estuary_data!Y305*weights!$C$9 -> 0.013316376 | C92: =estuary_data!X305*weights!$C$10 -> 0.011494064 | D92: =SUM(B92:C92) -> 0.02481044 | E92: =IF(D92>$H$6/10*9,"1",IF(D92>$H$6/10*8,"2",IF(D92>$H$6/10*7,"3",IF(D92>$H$6/10*6,"4",IF(D92>$H$6/10*5,"5",IF(D92>$H$6/10*4,"6",IF(D92>$H$6/10*3,"7",IF(D92>$H$6/10*2,"8",IF(D92>$H$6/10,"9","10"))))))))) -> 10
A93: 305 | B93: =estuary_data!Y306*weights!$C$9 -> 0.024487999 | C93: =estuary_data!X306*weights!$C$10 -> 0.03956862 | D93: =SUM(B93:C93) -> 0.064056619 | E93: =IF(D93>$H$6/10*9,"1",IF(D93>$H$6/10*8,"2",IF(D93>$H$6/10*7,"3",IF(D93>$H$6/10*6,"4",IF(D93>$H$6/10*5,"5",IF(D93>$H$6/10*4,"6",IF(D93>$H$6/10*3,"7",IF(D93>$H$6/10*2,"8",IF(D93>$H$6/10,"9","10"))))))))) -> 10
A94: 306 | B94: =estuary_data!Y307*weights!$C$9 -> 0.031345803 | C94: =estuary_data!X307*weights!$C$10 -> 0.058647481 | D94: =SUM(B94:C94) -> 0.089993284 | E94: =IF(D94>$H$6/10*9,"1",IF(D94>$H$6/10*8,"2",IF(D94>$H$6/10*7,"3",IF(D94>$H$6/10*6,"4",IF(D94>$H$6/10*5,"5",IF(D94>$H$6/10*4,"6",IF(D94>$H$6/10*3,"7",IF(D94>$H$6/10*2,"8",IF(D94>$H$6/10,"9","10"))))))))) -> 10
A95: 310 | B95: =estuary_data!Y311*weights!$C$9 -> 0 | C95: =estuary_data!X311*weights!$C$10 -> 0 | D95: =SUM(B95:C95) -> 0 | E95: =IF(D95>$H$6/10*9,"1",IF(D95>$H$6/10*8,"2",IF(D95>$H$6/10*7,"3",IF(D95>$H$6/10*6,"4",IF(D95>$H$6/10*5,"5",IF(D95>$H$6/10*4,"6",IF(D95>$H$6/10*3,"7",IF(D95>$H$6/10*2,"8",IF(D95>$H$6/10,"9","10"))))))))) -> 10
A96: 311 | B96: =estuary_data!Y312*weights!$C$9 -> 0.035038886 | C96: =estuary_data!X312*weights!$C$10 -> 0.06135193 | D96: =SUM(B96:C96) -> 0.096390816 | E96: =IF(D96>$H$6/10*9,"1",IF(D96>$H$6/10*8,"2",IF(D96>$H$6/10*7,"3",IF(D96>$H$6/10*6,"4",IF(D96>$H$6/10*5,"5",IF(D96>$H$6/10*4,"6",IF(D96>$H$6/10*3,"7",IF(D96>$H$6/10*2,"8",IF(D96>$H$6/10,"9","10"))))))))) -> 10
A97: 321 | B97: =estuary_data!Y322*weights!$C$9 -> 0.022384566 | C97: =estuary_data!X322*weights!$C$10 -> 0.054454146 | D97: =SUM(B97:C97) -> 0.076838712 | E97: =IF(D97>$H$6/10*9,"1",IF(D97>$H$6/10*8,"2",IF(D97>$H$6/10*7,"3",IF(D97>$H$6/10*6,"4",IF(D97>$H$6/10*5,"5",IF(D97>$H$6/10*4,"6",IF(D97>$H$6/10*3,"7",IF(D97>$H$6/10*2,"8",IF(D97>$H$6/10,"9","10"))))))))) -> 10
A98: 322 | B98: =estuary_data!Y323*weights!$C$9 -> 0.023710693 | C98: =estuary_data!X323*weights!$C$10 -> 0.074085101 | D98: =SUM(B98:C98) -> 0.097795794 | E98: =IF(D98>$H$6/10*9,"1",IF(D98>$H$6/10*8,"2",IF(D98>$H$6/10*7,"3",IF(D98>$H$6/10*6,"4",IF(D98>$H$6/10*5,"5",IF(D98>$H$6/10*4,"6",IF(D98>$H$6/10*3,"7",IF(D98>$H$6/10*2,"8",IF(D98>$H$6/10,"9","10"))))))))) -> 10
A99: 329 | B99: =estuary_data!Y330*weights!$C$9 -> 0.011606373 | C99: =estuary_data!X330*weights!$C$10 -> 0.026761893 | D99: =SUM(B99:C99) -> 0.038368266 | E99: =IF(D99>$H$6/10*9,"1",IF(D99>$H$6/10*8,"2",IF(D99>$H$6/10*7,"3",IF(D99>$H$6/10*6,"4",IF(D99>$H$6/10*5,"5",IF(D99>$H$6/10*4,"6",IF(D99>$H$6/10*3,"7",IF(D99>$H$6/10*2,"8",IF(D99>$H$6/10,"9","10"))))))))) -> 10
A100: 331 | B100: =estuary_data!Y332*weights!$C$9 -> 0.029355304 | C100: =estuary_data!X332*weights!$C$10 -> 0.047793007 | D100: =SUM(B100:C100) -> 0.077148311 | E100: =IF(D100>$H$6/10*9,"1",IF(D100>$H$6/10*8,"2",IF(D100>$H$6/10*7,"3",IF(D100>$H$6/10*6,"4",IF(D100>$H$6/10*5,"5",IF(D100>$H$6/10*4,"6",IF(D100>$H$6/10*3,"7",IF(D100>$H$6/10*2,"8",IF(D100>$H$6/10,"9","10"))))))))) -> 10
...

Sheet slr_scores
A1: EST_ID
A2: 1
A3: 2
A4: 3
A5: 4
A6: 5
A7: 6
A8: 7
A9: 8
A10: 9
A11: 10
A12: 11
A13: 12
... A753: 3030

Sheet overall_scores
A1: EST_ID | B1: climate | C1: climate score | D1: birds | E1: birds score | F1: size | G1: size score | H1: slr | I1: slr score | J1: score | K1: category
A2: 391 | B2: =climate_scores!H392*weights!$C$13 -> 0.047395892 | D2: =bird_scores!D392*weights!$C$14 -> 0.074740581 | F2: =size_scores!C392*weights!$C$15 -> 0.19596861 | H2: =estuary_data!Z392*weights!$C$16 -> 9.6966424e-05 | J2: =SUM(B2:H2) -> 0.31820205 | K2: =IF(J2>$N$2/5*4, "1", IF(J2>$N$2/5*3, "2", IF(J2>$N$2/5*2, "3", IF(J2>$N$2/5, "4", "5")))) -> 3 | M2: max | N2: 0.7944 | O2: 2030
A3: 1025 | B3: =climate_scores!H472*weights!$C$13 -> 0.07900342 | D3: =bird_scores!D472*weights!$C$14 -> 0.057081428 | F3: =size_scores!C472*weights!$C$15 -> 0.19596861 | H3: =estuary_data!Z472*weights!$C$16 -> 3.8522514e-06 | J3: =SUM(B3:H3) -> 0.33205731 | K3: =IF(J3>$N$2/5*4, "1", IF(J3>$N$2/5*3, "2", IF(J3>$N$2/5*2, "3", IF(J3>$N$2/5, "4", "5")))) -> 3 | M3: cat 1 | N3: =N2/5*4 -> 0.63552
A4: 2030 | B4: =climate_scores!H643*weights!$C$13 -> 0.045344091 | D4: =bird_scores!D643*weights!$C$14 -> 0.071424235 | F4: =size_scores!C643*weights!$C$15 -> 0.19596861 | H4: =estuary_data!Z643*weights!$C$16 -> 4.5465842e-06 | J4: =SUM(B4:H4) -> 0.31274148 | K4: =IF(J4>$N$2/5*4, "1", IF(J4>$N$2/5*3, "2", IF(J4>$N$2/5*2, "3", IF(J4>$N$2/5, "4", "5")))) -> 4 | M4: cat 2 | N4: =N2/5*3 -> 0.47664
A5: 218 | B5: =climate_scores!H219*weights!$C$13 -> 0.060366156 | D5: =bird_scores!D219*weights!$C$14 -> 0.1153375 | F5: =size_scores!C219*weights!$C$15 -> 0.19596861 | H5: =estuary_data!Z219*weights!$C$16 -> 0.0002012897 | J5: =SUM(B5:H5) -> 0.37187355 | K5: =IF(J5>$N$2/5*4, "1", IF(J5>$N$2/5*3, "2", IF(J5>$N$2/5*2, "3", IF(J5>$N$2/5, "4", "5")))) -> 3 | M5: cat 3 | N5: =N2/5*2 -> 0.31776
A6: 1017 | B6: =climate_scores!H464*weights!$C$13 -> 0.092724623 | D6: =bird_scores!D464*weights!$C$14 -> 0.061585297 | F6: =size_scores!C464*weights!$C$15 -> 0.19596861 | H6: =estuary_data!Z464*weights!$C$16 -> 9.52611e-06 | J6: =SUM(B6:H6) -> 0.35028806 | K6: =IF(J6>$N$2/5*4, "1", IF(J6>$N$2/5*3, "2", IF(J6>$N$2/5*2, "3", IF(J6>$N$2/5, "4", "5")))) -> 3 | M6: cat 4 | N6: =N2/5 -> 0.15888
A7: 1018 | B7: =climate_scores!H465*weights!$C$13 -> 0.092639674 | D7: =bird_scores!D465*weights!$C$14 -> 0.056010045 | F7: =size_scores!C465*weights!$C$15 -> 0.19596861 | H7: =estuary_data!Z465*weights!$C$16 -> 8.4169054e-06 | J7: =SUM(B7:H7) -> 0.34462675 | K7: =IF(J7>$N$2/5*4, "1", IF(J7>$N$2/5*3, "2", IF(J7>$N$2/5*2, "3", IF(J7>$N$2/5, "4", "5")))) -> 3 | M7: cat 5 | N7: 0.096033
A8: 1034 | B8: =climate_scores!H481*weights!$C$13 -> 0.074048111 | D8: =bird_scores!D481*weights!$C$14 -> 0.063301287 | F8: =size_scores!C481*weights!$C$15 -> 0.19596861 | H8: =estuary_data!Z481*weights!$C$16 -> 1.0553123e-05 | J8: =SUM(B8:H8) -> 0.33332856 | K8: =IF(J8>$N$2/5*4, "1", IF(J8>$N$2/5*3, "2", IF(J8>$N$2/5*2, "3", IF(J8>$N$2/5, "4", "5")))) -> 3
A9: 1043 | B9: =climate_scores!H490*weights!$C$13 -> 0.06044624 | D9: =bird_scores!D490*weights!$C$14 -> 0.05630892 | F9: =size_scores!C490*weights!$C$15 -> 0.19596861 | H9: =estuary_data!Z490*weights!$C$16 -> 7.3059163e-06 | J9: =SUM(B9:H9) -> 0.31273108 | K9: =IF(J9>$N$2/5*4, "1", IF(J9>$N$2/5*3, "2", IF(J9>$N$2/5*2, "3", IF(J9>$N$2/5, "4", "5")))) -> 4 | M9: number of estuaries in each category
A10: 1153 | B10: =climate_scores!H600*weights!$C$13 -> 0.070739085 | D10: =bird_scores!D600*weights!$C$14 -> 0.098682456 | F10: =size_scores!C600*weights!$C$15 -> 0.19596861 | H10: =estuary_data!Z600*weights!$C$16 -> 4.7237066e-05 | J10: =SUM(B10:H10) -> 0.36543739 | K10: =IF(J10>$N$2/5*4, "1", IF(J10>$N$2/5*3, "2", IF(J10>$N$2/5*2, "3", IF(J10>$N$2/5, "4", "5")))) -> 3 | M10: 1 | N10: =COUNTIF($K$2:$K$753, "=1") -> 1
A11: 2022 | B11: =climate_scores!H635*weights!$C$13 -> 0.030601711 | D11: =bird_scores!D635*weights!$C$14 -> 0.096869846 | F11: =size_scores!C635*weights!$C$15 -> 0.19596861 | H11: =estuary_data!Z635*weights!$C$16 -> 7.1936118e-06 | J11: =SUM(B11:H11) -> 0.32344736 | K11: =IF(J11>$N$2/5*4, "1", IF(J11>$N$2/5*3, "2", IF(J11>$N$2/5*2, "3", IF(J11>$N$2/5, "4", "5")))) -> 3 | M11: 2 | N11: =COUNTIF($K$2:$K$753, "=2") -> 13
A12: 2025 | B12: =climate_scores!H638*weights!$C$13 -> 0.030224951 | D12: =bird_scores!D638*weights!$C$14 -> 0.086355428 | F12: =size_scores!C638*weights!$C$15 -> 0.19596861 | H12: =estuary_data!Z638*weights!$C$16 -> 1.2732138e-05 | J12: =SUM(B12:H12) -> 0.31256172 | K12: =IF(J12>$N$2/5*4, "1", IF(J12>$N$2/5*3, "2", IF(J12>$N$2/5*2, "3", IF(J12>$N$2/5, "4", "5")))) -> 4 | M12: 3 | N12: =COUNTIF($K$2:$K$753, "=3") -> 129
A13: 2026 | B13: =climate_scores!H639*weights!$C$13 -> 0.029965355 | D13: =bird_scores!D639*weights!$C$14 -> 0.080650532 | F13: =size_scores!C639*weights!$C$15 -> 0.19596861 | H13: =estuary_data!Z639*weights!$C$16 -> 9.1882493e-06 | J13: =SUM(B13:H13) -> 0.30659368 | K13: =IF(J13>$N$2/5*4, "1", IF(J13>$N$2/5*3, "2", IF(J13>$N$2/5*2, "3", IF(J13>$N$2/5, "4", "5")))) -> 4 | M13: 4 | N13: =COUNTIF($K$2:$K$753, "=4") -> 560
A14: 2027 | B14: =climate_scores!H640*weights!$C$13 -> 0.029456159 | D14: =bird_scores!D640*weights!$C$14 -> 0.064980373 | F14: =size_scores!C640*weights!$C$15 -> 0.19596861 | H14: =estuary_data!Z640*weights!$C$16 -> 6.4768928e-06 | J14: =SUM(B14:H14) -> 0.29041162 | K14: =IF(J14>$N$2/5*4, "1", IF(J14>$N$2/5*3, "2", IF(J14>$N$2/5*2, "3", IF(J14>$N$2/5, "4", "5")))) -> 4 | M14: 5 | N14: =COUNTIF($K$2:$K$753, "=5") -> 42
A15: 2029 | B15: =climate_scores!H642*weights!$C$13 -> 0.042748845 | D15: =bird_scores!D642*weights!$C$14 -> 0.10794333 | F15: =size_scores!C642*weights!$C$15 -> 0.19596861 | H15: =estuary_data!Z642*weights!$C$16 -> 1.3166841e-05 | J15: =SUM(B15:H15) -> 0.34667395 | K15: =IF(J15>$N$2/5*4, "1", IF(J15>$N$2/5*3, "2", IF(J15>$N$2/5*2, "3", IF(J15>$N$2/5, "4", "5")))) -> 3
A16: 2031 | B16: =climate_scores!H644*weights!$C$13 -> 0.047804623 | D16: =bird_scores!D644*weights!$C$14 -> 0.084420893 | F16: =size_scores!C644*weights!$C$15 -> 0.19596861 | H16: =estuary_data!Z644*weights!$C$16 -> 7.9430272e-06 | J16: =SUM(B16:H16) -> 0.32820207 | K16: =IF(J16>$N$2/5*4, "1", IF(J16>$N$2/5*3, "2", IF(J16>$N$2/5*2, "3", IF(J16>$N$2/5, "4", "5")))) -> 3
A17: 2087 | B17: =climate_scores!H700*weights!$C$13 -> 0.052228972 | D17: =bird_scores!D700*weights!$C$14 -> 0.10350923 | F17: =size_scores!C700*weights!$C$15 -> 0.19596861 | H17: =estuary_data!Z700*weights!$C$16 -> 0.00019339033 | J17: =SUM(B17:H17) -> 0.3519002 | K17: =IF(J17>$N$2/5*4, "1", IF(J17>$N$2/5*3, "2", IF(J17>$N$2/5*2, "3", IF(J17>$N$2/5, "4", "5")))) -> 3
A18: 2088 | B18: =climate_scores!H701*weights!$C$13 -> 0.050967479 | D18: =bird_scores!D701*weights!$C$14 -> 0.089820948 | F18: =size_scores!C701*weights!$C$15 -> 0.19596861 | H18: =estuary_data!Z701*weights!$C$16 -> 0.00015157621 | J18: =SUM(B18:H18) -> 0.33690861 | K18: =IF(J18>$N$2/5*4, "1", IF(J18>$N$2/5*3, "2", IF(J18>$N$2/5*2, "3", IF(J18>$N$2/5, "4", "5")))) -> 3
A19: 2106 | B19: =climate_scores!H719*weights!$C$13 -> 0.048301596 | D19: =bird_scores!D719*weights!$C$14 -> 0.070147126 | F19: =size_scores!C719*weights!$C$15 -> 0.19596861 | H19: =estuary_data!Z719*weights!$C$16 -> 2.0065891e-05 | J19: =SUM(B19:H19) -> 0.3144374 | K19: =IF(J19>$N$2/5*4, "1", IF(J19>$N$2/5*3, "2", IF(J19>$N$2/5*2, "3", IF(J19>$N$2/5, "4", "5")))) -> 4
A20: 2107 | B20: =climate_scores!H720*weights!$C$13 -> 0.04791848 | D20: =bird_scores!D720*weights!$C$14 -> 0.070147126 | F20: =size_scores!C720*weights!$C$15 -> 0.19596861 | H20: =estuary_data!Z720*weights!$C$16 -> 3.3262378e-05 | J20: =SUM(B20:H20) -> 0.31406748 | K20: =IF(J20>$N$2/5*4, "1", IF(J20>$N$2/5*3, "2", IF(J20>$N$2/5*2, "3", IF(J20>$N$2/5, "4", "5")))) -> 4
A21: 1 | B21: =climate_scores!H2*weights!$C$13 -> 0.041945599 | D21: =bird_scores!D2*weights!$C$14 -> 0.55311469 | F21: =size_scores!C2*weights!$C$15 -> 0.15677489 | H21: =estuary_data!Z2*weights!$C$16 -> 0 | J21: =SUM(B21:H21) -> 0.75183517 | K21: =IF(J21>$N$2/5*4, "1", IF(J21>$N$2/5*3, "2", IF(J21>$N$2/5*2, "3", IF(J21>$N$2/5, "4", "5")))) -> 1
A22: 2 | B22: =climate_scores!H3*weights!$C$13 -> 0.042150132 | D22: =bird_scores!D3*weights!$C$14 -> 0.054642708 | F22: =size_scores!C3*weights!$C$15 -> 0.17637175 | H22: =estuary_data!Z3*weights!$C$16 -> 0 | J22: =SUM(B22:H22) -> 0.27316459 | K22: =IF(J22>$N$2/5*4, "1", IF(J22>$N$2/5*3, "2", IF(J22>$N$2/5*2, "3", IF(J22>$N$2/5, "4", "5")))) -> 4
A23: 3 | B23: =climate_scores!H4*weights!$C$13 -> 0.068202724 | D23: =bird_scores!D4*weights!$C$14 -> 0.050303985 | F23: =size_scores!C4*weights!$C$15 -> 0.15677489 | H23: =estuary_data!Z4*weights!$C$16 -> 0.0077120905 | J23: =SUM(B23:H23) -> 0.28299369 | K23: =IF(J23>$N$2/5*4, "1", IF(J23>$N$2/5*3, "2", IF(J23>$N$2/5*2, "3", IF(J23>$N$2/5, "4", "5")))) -> 4
A24: 4 | B24: =climate_scores!H5*weights!$C$13 -> 0.067644595 | D24: =bird_scores!D5*weights!$C$14 -> 0.055154573 | F24: =size_scores!C5*weights!$C$15 -> 0.17637175 | H24: =estuary_data!Z5*weights!$C$16 -> 0.0013705141 | J24: =SUM(B24:H24) -> 0.30054143 | K24: =IF(J24>$N$2/5*4, "1", IF(J24>$N$2/5*3, "2", IF(J24>$N$2/5*2, "3", IF(J24>$N$2/5, "4", "5")))) -> 4
A25: 5 | B25: =climate_scores!H6*weights!$C$13 -> 0.041108426 | D25: =bird_scores!D6*weights!$C$14 -> 0.051960154 | F25: =size_scores!C6*weights!$C$15 -> 0.17637175 | H25: =estuary_data!Z6*weights!$C$16 -> 0 | J25: =SUM(B25:H25) -> 0.26944033 | K25: =IF(J25>$N$2/5*4, "1", IF(J25>$N$2/5*3, "2", IF(J25>$N$2/5*2, "3", IF(J25>$N$2/5, "4", "5")))) -> 4
A26: 6 | B26: =climate_scores!H7*weights!$C$13 -> 0.041932103 | D26: =bird_scores!D7*weights!$C$14 -> 0.05530385 | F26: =size_scores!C7*weights!$C$15 -> 0.17637175 | H26: =estuary_data!Z7*weights!$C$16 -> 0 | J26: =SUM(B26:H26) -> 0.2736077 | K26: =IF(J26>$N$2/5*4, "1", IF(J26>$N$2/5*3, "2", IF(J26>$N$2/5*2, "3", IF(J26>$N$2/5, "4", "5")))) -> 4
A27: 9 | B27: =climate_scores!H10*weights!$C$13 -> 0.049685373 | D27: =bird_scores!D10*weights!$C$14 -> 0.044314601 | F27: =size_scores!C10*weights!$C$15 -> 0.17637175 | H27: =estuary_data!Z10*weights!$C$16 -> 0 | J27: =SUM(B27:H27) -> 0.27037172 | K27: =IF(J27>$N$2/5*4, "1", IF(J27>$N$2/5*3, "2", IF(J27>$N$2/5*2, "3", IF(J27>$N$2/5, "4", "5")))) -> 4
A28: 10 | B28: =climate_scores!H11*weights!$C$13 -> 0.041320065 | D28: =bird_scores!D11*weights!$C$14 -> 0.040686279 | F28: =size_scores!C11*weights!$C$15 -> 0.17637175 | H28: =estuary_data!Z11*weights!$C$16 -> 9.3085257e-05 | J28: =SUM(B28:H28) -> 0.25847118 | K28: =IF(J28>$N$2/5*4, "1", IF(J28>$N$2/5*3, "2", IF(J28>$N$2/5*2, "3", IF(J28>$N$2/5, "4", "5")))) -> 4
A29: 11 | B29: =climate_scores!H12*weights!$C$13 -> 0.041987841 | D29: =bird_scores!D12*weights!$C$14 -> 0.042093234 | F29: =size_scores!C12*weights!$C$15 -> 0.17637175 | H29: =estuary_data!Z12*weights!$C$16 -> 0 | J29: =SUM(B29:H29) -> 0.26045282 | K29: =IF(J29>$N$2/5*4, "1", IF(J29>$N$2/5*3, "2", IF(J29>$N$2/5*2, "3", IF(J29>$N$2/5, "4", "5")))) -> 4
A30: 12 | B30: =climate_scores!H13*weights!$C$13 -> 0.070623522 | D30: =bird_scores!D13*weights!$C$14 -> 0.054104633 | F30: =size_scores!C13*weights!$C$15 -> 0.078387444 | H30: =estuary_data!Z13*weights!$C$16 -> 0.044341307 | J30: =SUM(B30:H30) -> 0.24745691 | K30: =IF(J30>$N$2/5*4, "1", IF(J30>$N$2/5*3, "2", IF(J30>$N$2/5*2, "3", IF(J30>$N$2/5, "4", "5")))) -> 4
A31: 13 | B31: =climate_scores!H14*weights!$C$13 -> 0.047948456 | D31: =bird_scores!D14*weights!$C$14 -> 0.045992952 | F31: =size_scores!C14*weights!$C$15 -> 0.19596861 | H31: =estuary_data!Z14*weights!$C$16 -> 0.0023609433 | J31: =SUM(B31:H31) -> 0.29227096 | K31: =IF(J31>$N$2/5*4, "1", IF(J31>$N$2/5*3, "2", IF(J31>$N$2/5*2, "3", IF(J31>$N$2/5, "4", "5")))) -> 4
A32: 14 | B32: =climate_scores!H15*weights!$C$13 -> 0.047569528 | D32: =bird_scores!D15*weights!$C$14 -> 0.051413797 | F32: =size_scores!C15*weights!$C$15 -> 0.19596861 | H32: =estuary_data!Z15*weights!$C$16 -> 0.0053921026 | J32: =SUM(B32:H32) -> 0.30034404 | K32: =IF(J32>$N$2/5*4, "1", IF(J32>$N$2/5*3, "2", IF(J32>$N$2/5*2, "3", IF(J32>$N$2/5, "4", "5")))) -> 4
A33: 15 | B33: =climate_scores!H16*weights!$C$13 -> 0.049487783 | D33: =bird_scores!D16*weights!$C$14 -> 0.053085802 | F33: =size_scores!C16*weights!$C$15 -> 0.19596861 | H33: =estuary_data!Z16*weights!$C$16 -> 0.0017872369 | J33: =SUM(B33:H33) -> 0.30032943 | K33: =IF(J33>$N$2/5*4, "1", IF(J33>$N$2/5*3, "2", IF(J33>$N$2/5*2, "3", IF(J33>$N$2/5, "4", "5")))) -> 4
A34: 16 | B34: =climate_scores!H17*weights!$C$13 -> 0.041556336 | D34: =bird_scores!D17*weights!$C$14 -> 0.046820768 | F34: =size_scores!C17*weights!$C$15 -> 0.19596861 | H34: =estuary_data!Z17*weights!$C$16 -> 0 | J34: =SUM(B34:H34) -> 0.28434571 | K34: =IF(J34>$N$2/5*4, "1", IF(J34>$N$2/5*3, "2", IF(J34>$N$2/5*2, "3", IF(J34>$N$2/5, "4", "5")))) -> 4
A35: 17 | B35: =climate_scores!H18*weights!$C$13 -> 0.066537453 | D35: =bird_scores!D18*weights!$C$14 -> 0.05165353 | F35: =size_scores!C18*weights!$C$15 -> 0.15677489 | H35: =estuary_data!Z18*weights!$C$16 -> 0.015617751 | J35: =SUM(B35:H35) -> 0.29058362 | K35: =IF(J35>$N$2/5*4, "1", IF(J35>$N$2/5*3, "2", IF(J35>$N$2/5*2, "3", IF(J35>$N$2/5, "4", "5")))) -> 4
A36: 18 | B36: =climate_scores!H19*weights!$C$13 -> 0.053493293 | D36: =bird_scores!D19*weights!$C$14 -> 0.053022526 | F36: =size_scores!C19*weights!$C$15 -> 0.15677489 | H36: =estuary_data!Z19*weights!$C$16 -> 0.0069351395 | J36: =SUM(B36:H36) -> 0.27022585 | K36: =IF(J36>$N$2/5*4, "1", IF(J36>$N$2/5*3, "2", IF(J36>$N$2/5*2, "3", IF(J36>$N$2/5, "4", "5")))) -> 4
A37: 22 | B37: =climate_scores!H23*weights!$C$13 -> 0.041011439 | D37: =bird_scores!D23*weights!$C$14 -> 0.052282564 | F37: =size_scores!C23*weights!$C$15 -> 0.17637175 | H37: =estuary_data!Z23*weights!$C$16 -> 0.0041366451 | J37: =SUM(B37:H37) -> 0.2738024 | K37: =IF(J37>$N$2/5*4, "1", IF(J37>$N$2/5*3, "2", IF(J37>$N$2/5*2, "3", IF(J37>$N$2/5, "4", "5")))) -> 4
A38: 24 | B38: =climate_scores!H25*weights!$C$13 -> 0.045026472 | D38: =bird_scores!D25*weights!$C$14 -> 0.049205387 | F38: =size_scores!C25*weights!$C$15 -> 0.17637175 | H38: =estuary_data!Z25*weights!$C$16 -> 0.0028958081 | J38: =SUM(B38:H38) -> 0.27349942 | K38: =IF(J38>$N$2/5*4, "1", IF(J38>$N$2/5*3, "2", IF(J38>$N$2/5*2, "3", IF(J38>$N$2/5, "4", "5")))) -> 4
A39: 25 | B39: =climate_scores!H26*weights!$C$13 -> 0.058313201 | D39: =bird_scores!D26*weights!$C$14 -> 0.040156828 | F39: =size_scores!C26*weights!$C$15 -> 0.19596861 | H39: =estuary_data!Z26*weights!$C$16 -> 0.001287152 | J39: =SUM(B39:H39) -> 0.29572579 | K39: =IF(J39>$N$2/5*4, "1", IF(J39>$N$2/5*3, "2", IF(J39>$N$2/5*2, "3", IF(J39>$N$2/5, "4", "5")))) -> 4
A40: 29 | B40: =climate_scores!H30*weights!$C$13 -> 0.053193529 | D40: =bird_scores!D30*weights!$C$14 -> 0.049853512 | F40: =size_scores!C30*weights!$C$15 -> 0.13717803 | H40: =estuary_data!Z30*weights!$C$16 -> 0.023686987 | J40: =SUM(B40:H40) -> 0.26391205 | K40: =IF(J40>$N$2/5*4, "1", IF(J40>$N$2/5*3, "2", IF(J40>$N$2/5*2, "3", IF(J40>$N$2/5, "4", "5")))) -> 4
A41: 31 | B41: =climate_scores!H32*weights!$C$13 -> 0.068981792 | D41: =bird_scores!D32*weights!$C$14 -> 0.050459684 | F41: =size_scores!C32*weights!$C$15 -> 0.15677489 | H41: =estuary_data!Z32*weights!$C$16 -> 0.0061696724 | J41: =SUM(B41:H41) -> 0.28238604 | K41: =IF(J41>$N$2/5*4, "1", IF(J41>$N$2/5*3, "2", IF(J41>$N$2/5*2, "3", IF(J41>$N$2/5, "4", "5")))) -> 4
A42: 33 | B42: =climate_scores!H34*weights!$C$13 -> 0.069302627 | D42: =bird_scores!D34*weights!$C$14 -> 0.028599753 | F42: =size_scores!C34*weights!$C$15 -> 0.17637175 | H42: =estuary_data!Z34*weights!$C$16 -> 0 | J42: =SUM(B42:H42) -> 0.27427413 | K42: =IF(J42>$N$2/5*4, "1", IF(J42>$N$2/5*3, "2", IF(J42>$N$2/5*2, "3", IF(J42>$N$2/5, "4", "5")))) -> 4
A43: 34 | B43: =climate_scores!H35*weights!$C$13 -> 0.040707685 | D43: =bird_scores!D35*weights!$C$14 -> 0.033612578 | F43: =size_scores!C35*weights!$C$15 -> 0.15677489 | H43: =estuary_data!Z35*weights!$C$16 -> 0 | J43: =SUM(B43:H43) -> 0.23109515 | K43: =IF(J43>$N$2/5*4, "1", IF(J43>$N$2/5*3, "2", IF(J43>$N$2/5*2, "3", IF(J43>$N$2/5, "4", "5")))) -> 4
A44: 35 | B44: =climate_scores!H36*weights!$C$13 -> 0.056524538 | D44: =bird_scores!D36*weights!$C$14 -> 0.043722809 | F44: =size_scores!C36*weights!$C$15 -> 0.19596861 | H44: =estuary_data!Z36*weights!$C$16 -> 0.00011724553 | J44: =SUM(B44:H44) -> 0.2963332 | K44: =IF(J44>$N$2/5*4, "1", IF(J44>$N$2/5*3, "2", IF(J44>$N$2/5*2, "3", IF(J44>$N$2/5, "4", "5")))) -> 4
A45: 36 | B45: =climate_scores!H37*weights!$C$13 -> 0.042259218 | D45: =bird_scores!D37*weights!$C$14 -> 0.043272502 | F45: =size_scores!C37*weights!$C$15 -> 0.17637175 | H45: =estuary_data!Z37*weights!$C$16 -> 0 | J45: =SUM(B45:H45) -> 0.26190347 | K45: =IF(J45>$N$2/5*4, "1", IF(J45>$N$2/5*3, "2", IF(J45>$N$2/5*2, "3", IF(J45>$N$2/5, "4", "5")))) -> 4
A46: 45 | B46: =climate_scores!H46*weights!$C$13 -> 0.043123146 | D46: =bird_scores!D46*weights!$C$14 -> 0.052669854 | F46: =size_scores!C46*weights!$C$15 -> 0.17637175 | H46: =estuary_data!Z46*weights!$C$16 -> 0.0032782619 | J46: =SUM(B46:H46) -> 0.27544301 | K46: =IF(J46>$N$2/5*4, "1", IF(J46>$N$2/5*3, "2", IF(J46>$N$2/5*2, "3", IF(J46>$N$2/5, "4", "5")))) -> 4
A47: 60 | B47: =climate_scores!H61*weights!$C$13 -> 0.073081808 | D47: =bird_scores!D61*weights!$C$14 -> 0.0067425088 | F47: =size_scores!C61*weights!$C$15 -> 0.17637175 | H47: =estuary_data!Z61*weights!$C$16 -> 0.01722883 | J47: =SUM(B47:H47) -> 0.2734249 | K47: =IF(J47>$N$2/5*4, "1", IF(J47>$N$2/5*3, "2", IF(J47>$N$2/5*2, "3", IF(J47>$N$2/5, "4", "5")))) -> 4
A48: 71 | B48: =climate_scores!H72*weights!$C$13 -> 0.068460183 | D48: =bird_scores!D72*weights!$C$14 -> 0.050854156 | F48: =size_scores!C72*weights!$C$15 -> 0.17637175 | H48: =estuary_data!Z72*weights!$C$16 -> 0.00041115422 | J48: =SUM(B48:H48) -> 0.29609724 | K48: =IF(J48>$N$2/5*4, "1", IF(J48>$N$2/5*3, "2", IF(J48>$N$2/5*2, "3", IF(J48>$N$2/5, "4", "5")))) -> 4
A49: 74 | B49: =climate_scores!H75*weights!$C$13 -> 0.042685601 | D49: =bird_scores!D75*weights!$C$14 -> 0.040304427 | F49: =size_scores!C75*weights!$C$15 -> 0.15677489 | H49: =estuary_data!Z75*weights!$C$16 -> 0 | J49: =SUM(B49:H49) -> 0.23976492 | K49: =IF(J49>$N$2/5*4, "1", IF(J49>$N$2/5*3, "2", IF(J49>$N$2/5*2, "3", IF(J49>$N$2/5, "4", "5")))) -> 4
A50: 75 | B50: =climate_scores!H76*weights!$C$13 -> 0.040502895 | D50: =bird_scores!D76*weights!$C$14 -> 0.035888223 | F50: =size_scores!C76*weights!$C$15 -> 0.15677489 | H50: =estuary_data!Z76*weights!$C$16 -> 0 | J50: =SUM(B50:H50) -> 0.23316601 | K50: =IF(J50>$N$2/5*4, "1", IF(J50>$N$2/5*3, "2", IF(J50>$N$2/5*2, "3", IF(J50>$N$2/5, "4", "5")))) -> 4
A51: 81 | B51: =climate_scores!H82*weights!$C$13 -> 0.067453225 | D51: =bird_scores!D82*weights!$C$14 -> 0.044006797 | F51: =size_scores!C82*weights!$C$15 -> 0.13717803 | H51: =estuary_data!Z82*weights!$C$16 -> 0.015424181 | J51: =SUM(B51:H51) -> 0.26406223 | K51: =IF(J51>$N$2/5*4, "1", IF(J51>$N$2/5*3, "2", IF(J51>$N$2/5*2, "3", IF(J51>$N$2/5, "4", "5")))) -> 4
A52: 97 | B52: =climate_scores!H98*weights!$C$13 -> 0.071889611 | D52: =bird_scores!D98*weights!$C$14 -> 0.054486878 | F52: =size_scores!C98*weights!$C$15 -> 0.058790583 | H52: =estuary_data!Z98*weights!$C$16 -> 0.044341307 | J52: =SUM(B52:H52) -> 0.22950838 | K52: =IF(J52>$N$2/5*4, "1", IF(J52>$N$2/5*3, "2", IF(J52>$N$2/5*2, "3", IF(J52>$N$2/5, "4", "5")))) -> 4
A53: 98 | B53: =climate_scores!H99*weights!$C$13 -> 0.068524828 | D53: =bird_scores!D99*weights!$C$14 -> 0.02137686 | F53: =size_scores!C99*weights!$C$15 -> 0.11758117 | H53: =estuary_data!Z99*weights!$C$16 -> 0.022170653 | J53: =SUM(B53:H53) -> 0.22965351 | K53: =IF(J53>$N$2/5*4, "1", IF(J53>$N$2/5*3, "2", IF(J53>$N$2/5*2, "3", IF(J53>$N$2/5, "4", "5")))) -> 4
A54: 103 | B54: =climate_scores!H104*weights!$C$13 -> 0.08873272 | D54: =bird_scores!D104*weights!$C$14 -> 0.040708792 | F54: =size_scores!C104*weights!$C$15 -> 0.13717803 | H54: =estuary_data!Z104*weights!$C$16 -> 0.01722883 | J54: =SUM(B54:H54) -> 0.28384837 | K54: =IF(J54>$N$2/5*4, "1", IF(J54>$N$2/5*3, "2", IF(J54>$N$2/5*2, "3", IF(J54>$N$2/5, "4", "5")))) -> 4
A55: 106 | B55: =climate_scores!H107*weights!$C$13 -> 0.064743071 | D55: =bird_scores!D107*weights!$C$14 -> 0.038158406 | F55: =size_scores!C107*weights!$C$15 -> 0.13717803 | H55: =estuary_data!Z107*weights!$C$16 -> 0.019722741 | J55: =SUM(B55:H55) -> 0.25980225 | K55: =IF(J55>$N$2/5*4, "1", IF(J55>$N$2/5*3, "2", IF(J55>$N$2/5*2, "3", IF(J55>$N$2/5, "4", "5")))) -> 4
A56: 132 | B56: =climate_scores!H133*weights!$C$13 -> 0.05814596 | D56: =bird_scores!D133*weights!$C$14 -> 0.040560419 | F56: =size_scores!C133*weights!$C$15 -> 0.13717803 | H56: =estuary_data!Z133*weights!$C$16 -> 0.0089104023 | J56: =SUM(B56:H56) -> 0.24479481 | K56: =IF(J56>$N$2/5*4, "1", IF(J56>$N$2/5*3, "2", IF(J56>$N$2/5*2, "3", IF(J56>$N$2/5, "4", "5")))) -> 4
A57: 175 | B57: =climate_scores!H176*weights!$C$13 -> 0.055446387 | D57: =bird_scores!D176*weights!$C$14 -> 0.18684131 | F57: =size_scores!C176*weights!$C$15 -> 0.11758117 | H57: =estuary_data!Z176*weights!$C$16 -> 0.09578618 | J57: =SUM(B57:H57) -> 0.45565505 | K57: =IF(J57>$N$2/5*4, "1", IF(J57>$N$2/5*3, "2", IF(J57>$N$2/5*2, "3", IF(J57>$N$2/5, "4", "5")))) -> 3
A58: 181 | B58: =climate_scores!H182*weights!$C$13 -> 0.063510266 | D58: =bird_scores!D182*weights!$C$14 -> 0.17445844 | F58: =size_scores!C182*weights!$C$15 -> 0.17637175 | H58: =estuary_data!Z182*weights!$C$16 -> 0.0030495583 | J58: =SUM(B58:H58) -> 0.41739001 | K58: =IF(J58>$N$2/5*4, "1", IF(J58>$N$2/5*3, "2", IF(J58>$N$2/5*2, "3", IF(J58>$N$2/5, "4", "5")))) -> 3
A59: 182 | B59: =climate_scores!H183*weights!$C$13 -> 0.056955871 | D59: =bird_scores!D183*weights!$C$14 -> 0.18455754 | F59: =size_scores!C183*weights!$C$15 -> 0.11758117 | H59: =estuary_data!Z183*weights!$C$16 -> 0.074318131 | J59: =SUM(B59:H59) -> 0.43341271 | K59: =IF(J59>$N$2/5*4, "1", IF(J59>$N$2/5*3, "2", IF(J59>$N$2/5*2, "3", IF(J59>$N$2/5, "4", "5")))) -> 3
A60: 184 | B60: =climate_scores!H185*weights!$C$13 -> 0.059542431 | D60: =bird_scores!D185*weights!$C$14 -> 0.20459278 | F60: =size_scores!C185*weights!$C$15 -> 0.11758117 | H60: =estuary_data!Z185*weights!$C$16 -> 0.088588375 | J60: =SUM(B60:H60) -> 0.47030475 | K60: =IF(J60>$N$2/5*4, "1", IF(J60>$N$2/5*3, "2", IF(J60>$N$2/5*2, "3", IF(J60>$N$2/5, "4", "5")))) -> 3
A61: 186 | B61: =climate_scores!H187*weights!$C$13 -> 0.082276968 | D61: =bird_scores!D187*weights!$C$14 -> 0.17820117 | F61: =size_scores!C187*weights!$C$15 -> 0.078387444 | H61: =estuary_data!Z187*weights!$C$16 -> 0.088588375 | J61: =SUM(B61:H61) -> 0.42745396 | K61: =IF(J61>$N$2/5*4, "1", IF(J61>$N$2/5*3, "2", IF(J61>$N$2/5*2, "3", IF(J61>$N$2/5, "4", "5")))) -> 3
A62: 197 | B62: =climate_scores!H198*weights!$C$13 -> 0.041211379 | D62: =bird_scores!D198*weights!$C$14 -> 0.14188084 | F62: =size_scores!C198*weights!$C$15 -> 0.19596861 | H62: =estuary_data!Z198*weights!$C$16 -> 0.0068495846 | J62: =SUM(B62:H62) -> 0.38591041 | K62: =IF(J62>$N$2/5*4, "1", IF(J62>$N$2/5*3, "2", IF(J62>$N$2/5*2, "3", IF(J62>$N$2/5, "4", "5")))) -> 3
A63: 198 | B63: =climate_scores!H199*weights!$C$13 -> 0.04298809 | D63: =bird_scores!D199*weights!$C$14 -> 0.12170812 | F63: =size_scores!C199*weights!$C$15 -> 0.15677489 | H63: =estuary_data!Z199*weights!$C$16 -> 0.017123961 | J63: =SUM(B63:H63) -> 0.33859506 | K63: =IF(J63>$N$2/5*4, "1", IF(J63>$N$2/5*3, "2", IF(J63>$N$2/5*2, "3", IF(J63>$N$2/5, "4", "5")))) -> 3
A64: 199 | B64: =climate_scores!H200*weights!$C$13 -> 0.045664055 | D64: =bird_scores!D200*weights!$C$14 -> 0.15775802 | F64: =size_scores!C200*weights!$C$15 -> 0.17637175 | H64: =estuary_data!Z200*weights!$C$16 -> 0.022389005 | J64: =SUM(B64:H64) -> 0.40218283 | K64: =IF(J64>$N$2/5*4, "1", IF(J64>$N$2/5*3, "2", IF(J64>$N$2/5*2, "3", IF(J64>$N$2/5, "4", "5")))) -> 3
A65: 234 | B65: =climate_scores!H235*weights!$C$13 -> 0.060795057 | D65: =bird_scores!D235*weights!$C$14 -> 0.11758607 | F65: =size_scores!C235*weights!$C$15 -> 0.19596861 | H65: =estuary_data!Z235*weights!$C$16 -> 0.0032526127 | J65: =SUM(B65:H65) -> 0.37760235 | K65: =IF(J65>$N$2/5*4, "1", IF(J65>$N$2/5*3, "2", IF(J65>$N$2/5*2, "3", IF(J65>$N$2/5, "4", "5")))) -> 3
A66: 256 | B66: =climate_scores!H257*weights!$C$13 -> 0.070038586 | D66: =bird_scores!D257*weights!$C$14 -> 0.15601841 | F66: =size_scores!C257*weights!$C$15 -> 0.19596861 | H66: =estuary_data!Z257*weights!$C$16 -> 0.0008275276 | J66: =SUM(B66:H66) -> 0.42285313 | K66: =IF(J66>$N$2/5*4, "1", IF(J66>$N$2/5*3, "2", IF(J66>$N$2/5*2, "3", IF(J66>$N$2/5, "4", "5")))) -> 3
A67: 258 | B67: =climate_scores!H259*weights!$C$13 -> 0.068341965 | D67: =bird_scores!D259*weights!$C$14 -> 0.13880671 | F67: =size_scores!C259*weights!$C$15 -> 0.17637175 | H67: =estuary_data!Z259*weights!$C$16 -> 0.0034388369 | J67: =SUM(B67:H67) -> 0.38695926 | K67: =IF(J67>$N$2/5*4, "1", IF(J67>$N$2/5*3, "2", IF(J67>$N$2/5*2, "3", IF(J67>$N$2/5, "4", "5")))) -> 3
A68: 273 | B68: =climate_scores!H274*weights!$C$13 -> 0.065118174 | D68: =bird_scores!D274*weights!$C$14 -> 0.13005982 | F68: =size_scores!C274*weights!$C$15 -> 0.039193722 | H68: =estuary_data!Z274*weights!$C$16 -> 0.01570861 | J68: =SUM(B68:H68) -> 0.25008033 | K68: =IF(J68>$N$2/5*4, "1", IF(J68>$N$2/5*3, "2", IF(J68>$N$2/5*2, "3", IF(J68>$N$2/5, "4", "5")))) -> 4
A69: 274 | B69: =climate_scores!H275*weights!$C$13 -> 0.044406651 | D69: =bird_scores!D275*weights!$C$14 -> 0.14960875 | F69: =size_scores!C275*weights!$C$15 -> 0.058790583 | H69: =estuary_data!Z275*weights!$C$16 -> 0.01570861 | J69: =SUM(B69:H69) -> 0.26851459 | K69: =IF(J69>$N$2/5*4, "1", IF(J69>$N$2/5*3, "2", IF(J69>$N$2/5*2, "3", IF(J69>$N$2/5, "4", "5")))) -> 4
A70: 361 | B70: =climate_scores!H362*weights!$C$13 -> 0.061812839 | D70: =bird_scores!D362*weights!$C$14 -> 0.071528053 | F70: =size_scores!C362*weights!$C$15 -> 0.19596861 | H70: =estuary_data!Z362*weights!$C$16 -> 0.00033355998 | J70: =SUM(B70:H70) -> 0.32964306 | K70: =IF(J70>$N$2/5*4, "1", IF(J70>$N$2/5*3, "2", IF(J70>$N$2/5*2, "3", IF(J70>$N$2/5, "4", "5")))) -> 3
A71: 390 | B71: =climate_scores!H391*weights!$C$13 -> 0.047101665 | D71: =bird_scores!D391*weights!$C$14 -> 0.072409361 | F71: =size_scores!C391*weights!$C$15 -> 0.19596861 | H71: =estuary_data!Z391*weights!$C$16 -> 0 | J71: =SUM(B71:H71) -> 0.31547964 | K71: =IF(J71>$N$2/5*4, "1", IF(J71>$N$2/5*3, "2", IF(J71>$N$2/5*2, "3", IF(J71>$N$2/5, "4", "5")))) -> 4
A72: 401 | B72: =climate_scores!H402*weights!$C$13 -> 0.057188569 | D72: =bird_scores!D402*weights!$C$14 -> 0.085939447 | F72: =size_scores!C402*weights!$C$15 -> 0.19596861 | H72: =estuary_data!Z402*weights!$C$16 -> 0 | J72: =SUM(B72:H72) -> 0.33909663 | K72: =IF(J72>$N$2/5*4, "1", IF(J72>$N$2/5*3, "2", IF(J72>$N$2/5*2, "3", IF(J72>$N$2/5, "4", "5")))) -> 3
A73: 406 | B73: =climate_scores!H407*weights!$C$13 -> 0.052643121 | D73: =bird_scores!D407*weights!$C$14 -> 0.095691724 | F73: =size_scores!C407*weights!$C$15 -> 0.19596861 | H73: =estuary_data!Z407*weights!$C$16 -> 0 | J73: =SUM(B73:H73) -> 0.34430346 | K73: =IF(J73>$N$2/5*4, "1", IF(J73>$N$2/5*3, "2", IF(J73>$N$2/5*2, "3", IF(J73>$N$2/5, "4", "5")))) -> 3
A74: 408 | B74: =climate_scores!H409*weights!$C$13 -> 0.052890801 | D74: =bird_scores!D409*weights!$C$14 -> 0.058616216 | F74: =size_scores!C409*weights!$C$15 -> 0.13717803 | H74: =estuary_data!Z409*weights!$C$16 -> 0 | J74: =SUM(B74:H74) -> 0.24868504 | K74: =IF(J74>$N$2/5*4, "1", IF(J74>$N$2/5*3, "2", IF(J74>$N$2/5*2, "3", IF(J74>$N$2/5, "4", "5")))) -> 4
A75: 431 | B75: =climate_scores!H432*weights!$C$13 -> 0.047600857 | D75: =bird_scores!D432*weights!$C$14 -> 0.05777271 | F75: =size_scores!C432*weights!$C$15 -> 0.19596861 | H75: =estuary_data!Z432*weights!$C$16 -> 0.00031375962 | J75: =SUM(B75:H75) -> 0.30165594 | K75: =IF(J75>$N$2/5*4, "1", IF(J75>$N$2/5*3, "2", IF(J75>$N$2/5*2, "3", IF(J75>$N$2/5, "4", "5")))) -> 4
A76: 441 | B76: =climate_scores!H442*weights!$C$13 -> 0.06003557 | D76: =bird_scores!D442*weights!$C$14 -> 0.061625333 | F76: =size_scores!C442*weights!$C$15 -> 0.17637175 | H76: =estuary_data!Z442*weights!$C$16 -> 0.00048986587 | J76: =SUM(B76:H76) -> 0.29852252 | K76: =IF(J76>$N$2/5*4, "1", IF(J76>$N$2/5*3, "2", IF(J76>$N$2/5*2, "3", IF(J76>$N$2/5, "4", "5")))) -> 4
A77: 1000 | B77: =climate_scores!H447*weights!$C$13 -> 0.060132089 | D77: =bird_scores!D447*weights!$C$14 -> 0.057701088 | F77: =size_scores!C447*weights!$C$15 -> 0.15677489 | H77: =estuary_data!Z447*weights!$C$16 -> 0.0093702961 | J77: =SUM(B77:H77) -> 0.28397836 | K77: =IF(J77>$N$2/5*4, "1", IF(J77>$N$2/5*3, "2", IF(J77>$N$2/5*2, "3", IF(J77>$N$2/5, "4", "5")))) -> 4
A78: 1001 | B78: =climate_scores!H448*weights!$C$13 -> 0.050318292 | D78: =bird_scores!D448*weights!$C$14 -> 0.05848139 | F78: =size_scores!C448*weights!$C$15 -> 0.19596861 | H78: =estuary_data!Z448*weights!$C$16 -> 0.00013898333 | J78: =SUM(B78:H78) -> 0.30490728 | K78: =IF(J78>$N$2/5*4, "1", IF(J78>$N$2/5*3, "2", IF(J78>$N$2/5*2, "3", IF(J78>$N$2/5, "4", "5")))) -> 4
A79: 1002 | B79: =climate_scores!H449*weights!$C$13 -> 0.044684885 | D79: =bird_scores!D449*weights!$C$14 -> 0.0555736 | F79: =size_scores!C449*weights!$C$15 -> 0.19596861 | H79: =estuary_data!Z449*weights!$C$16 -> 0.00021753912 | J79: =SUM(B79:H79) -> 0.29644463 | K79: =IF(J79>$N$2/5*4, "1", IF(J79>$N$2/5*3, "2", IF(J79>$N$2/5*2, "3", IF(J79>$N$2/5, "4", "5")))) -> 4
A80: 1003 | B80: =climate_scores!H450*weights!$C$13 -> 0.061582665 | D80: =bird_scores!D450*weights!$C$14 -> 0.064280577 | F80: =size_scores!C450*weights!$C$15 -> 0.19596861 | H80: =estuary_data!Z450*weights!$C$16 -> 1.2973058e-05 | J80: =SUM(B80:H80) -> 0.32184483 | K80: =IF(J80>$N$2/5*4, "1", IF(J80>$N$2/5*3, "2", IF(J80>$N$2/5*2, "3", IF(J80>$N$2/5, "4", "5")))) -> 3
A81: 1006 | B81: =climate_scores!H453*weights!$C$13 -> 0.063903047 | D81: =bird_scores!D453*weights!$C$14 -> 0.068189764 | F81: =size_scores!C453*weights!$C$15 -> 0.15677489 | H81: =estuary_data!Z453*weights!$C$16 -> 0.025602786 | J81: =SUM(B81:H81) -> 0.31447049 | K81: =IF(J81>$N$2/5*4, "1", IF(J81>$N$2/5*3, "2", IF(J81>$N$2/5*2, "3", IF(J81>$N$2/5, "4", "5")))) -> 4
A82: 1007 | B82: =climate_scores!H454*weights!$C$13 -> 0.06399873 | D82: =bird_scores!D454*weights!$C$14 -> 0.062783909 | F82: =size_scores!C454*weights!$C$15 -> 0.15677489 | H82: =estuary_data!Z454*weights!$C$16 -> 0.048888579 | J82: =SUM(B82:H82) -> 0.33244611 | K82: =IF(J82>$N$2/5*4, "1", IF(J82>$N$2/5*3, "2", IF(J82>$N$2/5*2, "3", IF(J82>$N$2/5, "4", "5")))) -> 3
A83: 1009 | B83: =climate_scores!H456*weights!$C$13 -> 0.074102907 | D83: =bird_scores!D456*weights!$C$14 -> 0.063830563 | F83: =size_scores!C456*weights!$C$15 -> 0.15677489 | H83: =estuary_data!Z456*weights!$C$16 -> 0.024367056 | J83: =SUM(B83:H83) -> 0.31907541 | K83: =IF(J83>$N$2/5*4, "1", IF(J83>$N$2/5*3, "2", IF(J83>$N$2/5*2, "3", IF(J83>$N$2/5, "4", "5")))) -> 3
A84: 1010 | B84: =climate_scores!H457*weights!$C$13 -> 0.07532395 | D84: =bird_scores!D457*weights!$C$14 -> 0.059494113 | F84: =size_scores!C457*weights!$C$15 -> 0.13717803 | H84: =estuary_data!Z457*weights!$C$16 -> 0.016720975 | J84: =SUM(B84:H84) -> 0.28871707 | K84: =IF(J84>$N$2/5*4, "1", IF(J84>$N$2/5*3, "2", IF(J84>$N$2/5*2, "3", IF(J84>$N$2/5, "4", "5")))) -> 4
A85: 1013 | B85: =climate_scores!H460*weights!$C$13 -> 0.085501448 | D85: =bird_scores!D460*weights!$C$14 -> 0.073376131 | F85: =size_scores!C460*weights!$C$15 -> 0.17637175 | H85: =estuary_data!Z460*weights!$C$16 -> 0.0046726051 | J85: =SUM(B85:H85) -> 0.33992193 | K85: =IF(J85>$N$2/5*4, "1", IF(J85>$N$2/5*3, "2", IF(J85>$N$2/5*2, "3", IF(J85>$N$2/5, "4", "5")))) -> 3
A86: 1014 | B86: =climate_scores!H461*weights!$C$13 -> 0.086701539 | D86: =bird_scores!D461*weights!$C$14 -> 0.073927369 | F86: =size_scores!C461*weights!$C$15 -> 0.15677489 | H86: =estuary_data!Z461*weights!$C$16 -> 0.010445782 | J86: =SUM(B86:H86) -> 0.32784958 | K86: =IF(J86>$N$2/5*4, "1", IF(J86>$N$2/5*3, "2", IF(J86>$N$2/5*2, "3", IF(J86>$N$2/5, "4", "5")))) -> 3
A87: 1015 | B87: =climate_scores!H462*weights!$C$13 -> 0.08644956 | D87: =bird_scores!D462*weights!$C$14 -> 0.059820678 | F87: =size_scores!C462*weights!$C$15 -> 0.13717803 | H87: =estuary_data!Z462*weights!$C$16 -> 0.015060463 | J87: =SUM(B87:H87) -> 0.29850873 | K87: =IF(J87>$N$2/5*4, "1", IF(J87>$N$2/5*3, "2", IF(J87>$N$2/5*2, "3", IF(J87>$N$2/5, "4", "5")))) -> 4
A88: 1016 | B88: =climate_scores!H463*weights!$C$13 -> 0.092629606 | D88: =bird_scores!D463*weights!$C$14 -> 0.065926858 | F88: =size_scores!C463*weights!$C$15 -> 0.13717803 | H88: =estuary_data!Z463*weights!$C$16 -> 0.0135158 | J88: =SUM(B88:H88) -> 0.30925029 | K88: =IF(J88>$N$2/5*4, "1", IF(J88>$N$2/5*3, "2", IF(J88>$N$2/5*2, "3", IF(J88>$N$2/5, "4", "5")))) -> 4
A89: 1019 | B89: =climate_scores!H466*weights!$C$13 -> 0.09328704 | D89: =bird_scores!D466*weights!$C$14 -> 0.057892596 | F89: =size_scores!C466*weights!$C$15 -> 0.19596861 | H89: =estuary_data!Z466*weights!$C$16 -> 5.5857645e-05 | J89: =SUM(B89:H89) -> 0.3472041 | K89: =IF(J89>$N$2/5*4, "1", IF(J89>$N$2/5*3, "2", IF(J89>$N$2/5*2, "3", IF(J89>$N$2/5, "4", "5")))) -> 3
A90: 1022 | B90: =climate_scores!H469*weights!$C$13 -> 0.093797856 | D90: =bird_scores!D469*weights!$C$14 -> 0.05871967 | F90: =size_scores!C469*weights!$C$15 -> 0.17637175 | H90: =estuary_data!Z469*weights!$C$16 -> 0.00013654091 | J90: =SUM(B90:H90) -> 0.32902582 | K90: =IF(J90>$N$2/5*4, "1", IF(J90>$N$2/5*3, "2", IF(J90>$N$2/5*2, "3", IF(J90>$N$2/5, "4", "5")))) -> 3
A91: 1024 | B91: =climate_scores!H471*weights!$C$13 -> 0.074328778 | D91: =bird_scores!D471*weights!$C$14 -> 0.063203001 | F91: =size_scores!C471*weights!$C$15 -> 0.19596861 | H91: =estuary_data!Z471*weights!$C$16 -> 7.2286364e-05 | J91: =SUM(B91:H91) -> 0.33357268 | K91: =IF(J91>$N$2/5*4, "1", IF(J91>$N$2/5*3, "2", IF(J91>$N$2/5*2, "3", IF(J91>$N$2/5, "4", "5")))) -> 3
A92: 1026 | B92: =climate_scores!H473*weights!$C$13 -> 0.087475397 | D92: =bird_scores!D473*weights!$C$14 -> 0.058464703 | F92: =size_scores!C473*weights!$C$15 -> 0.15677489 | H92: =estuary_data!Z473*weights!$C$16 -> 0.00040962273 | J92: =SUM(B92:H92) -> 0.30312461 | K92: =IF(J92>$N$2/5*4, "1", IF(J92>$N$2/5*3, "2", IF(J92>$N$2/5*2, "3", IF(J92>$N$2/5, "4", "5")))) -> 4
A93: 1027 | B93: =climate_scores!H474*weights!$C$13 -> 0.088256571 | D93: =bird_scores!D474*weights!$C$14 -> 0.05905078 | F93: =size_scores!C474*weights!$C$15 -> 0.11758117 | H93: =estuary_data!Z474*weights!$C$16 -> 0.0012288682 | J93: =SUM(B93:H93) -> 0.26611739 | K93: =IF(J93>$N$2/5*4, "1", IF(J93>$N$2/5*3, "2", IF(J93>$N$2/5*2, "3", IF(J93>$N$2/5, "4", "5")))) -> 4
A94: 1028 | B94: =climate_scores!H475*weights!$C$13 -> 0.077462188 | D94: =bird_scores!D475*weights!$C$14 -> 0.06859838 | F94: =size_scores!C475*weights!$C$15 -> 0.11758117 | H94: =estuary_data!Z475*weights!$C$16 -> 0.0012288682 | J94: =SUM(B94:H94) -> 0.2648706 | K94: =IF(J94>$N$2/5*4, "1", IF(J94>$N$2/5*3, "2", IF(J94>$N$2/5*2, "3", IF(J94>$N$2/5, "4", "5")))) -> 4
A95: 1035 | B95: =climate_scores!H482*weights!$C$13 -> 0.082767472 | D95: =bird_scores!D482*weights!$C$14 -> 0.067044964 | F95: =size_scores!C482*weights!$C$15 -> 0.15677489 | H95: =estuary_data!Z482*weights!$C$16 -> 0.00051446473 | J95: =SUM(B95:H95) -> 0.30710179 | K95: =IF(J95>$N$2/5*4, "1", IF(J95>$N$2/5*3, "2", IF(J95>$N$2/5*2, "3", IF(J95>$N$2/5, "4", "5")))) -> 4
A96: 1036 | B96: =climate_scores!H483*weights!$C$13 -> 0.082767472 | D96: =bird_scores!D483*weights!$C$14 -> 0.070744476 | F96: =size_scores!C483*weights!$C$15 -> 0.19596861 | H96: =estuary_data!Z483*weights!$C$16 -> 0.00034297649 | J96: =SUM(B96:H96) -> 0.34982353 | K96: =IF(J96>$N$2/5*4, "1", IF(J96>$N$2/5*3, "2", IF(J96>$N$2/5*2, "3", IF(J96>$N$2/5, "4", "5")))) -> 3
A97: 1042 | B97: =climate_scores!H489*weights!$C$13 -> 0.07100395 | D97: =bird_scores!D489*weights!$C$14 -> 0.060924162 | F97: =size_scores!C489*weights!$C$15 -> 0.17637175 | H97: =estuary_data!Z489*weights!$C$16 -> 0.00051446473 | J97: =SUM(B97:H97) -> 0.30881433 | K97: =IF(J97>$N$2/5*4, "1", IF(J97>$N$2/5*3, "2", IF(J97>$N$2/5*2, "3", IF(J97>$N$2/5, "4", "5")))) -> 4
A98: 1044 | B98: =climate_scores!H491*weights!$C$13 -> 0.065036406 | D98: =bird_scores!D491*weights!$C$14 -> 0.062718022 | F98: =size_scores!C491*weights!$C$15 -> 0.19596861 | H98: =estuary_data!Z491*weights!$C$16 -> 0.00013719059 | J98: =SUM(B98:H98) -> 0.32386023 | K98: =IF(J98>$N$2/5*4, "1", IF(J98>$N$2/5*3, "2", IF(J98>$N$2/5*2, "3", IF(J98>$N$2/5, "4", "5")))) -> 3
A99: 1045 | B99: =climate_scores!H492*weights!$C$13 -> 0.058768748 | D99: =bird_scores!D492*weights!$C$14 -> 0.066411114 | F99: =size_scores!C492*weights!$C$15 -> 0.15677489 | H99: =estuary_data!Z492*weights!$C$16 -> 0.0010289295 | J99: =SUM(B99:H99) -> 0.28298368 | K99: =IF(J99>$N$2/5*4, "1", IF(J99>$N$2/5*3, "2", IF(J99>$N$2/5*2, "3", IF(J99>$N$2/5, "4", "5")))) -> 4
A100: 1046 | B100: =climate_scores!H493*weights!$C$13 -> 0.06467936 | D100: =bird_scores!D493*weights!$C$14 -> 0.071813276 | F100: =size_scores!C493*weights!$C$15 -> 0.19596861 | H100: =estuary_data!Z493*weights!$C$16 -> 0.00025723236 | J100: =SUM(B100:H100) -> 0.33271848 | K100: =IF(J100>$N$2/5*4, "1", IF(J100>$N$2/5*3, "2", IF(J100>$N$2/5*2, "3", IF(J100>$N$2/5, "4", "5")))) -> 3
...
